mc	mn	quarterbeats	duration_qb	volta	mc_onset	mn_onset	timesig	staff	voice	duration	gracenote	nominal_duration	scalar	tied	tpc	midi	name	octave	chord_id
1	1	0	3.0		0	0	3/4	2	1	3/4		1/2	3/2		1	43	G2	2	2
1	1	1	1.0		1/4	1/4	3/4	1	1	1/4		1/4	1		-2	70	Bb4	4	0
1	1	2	1.0		1/2	1/2	3/4	1	1	1/4		1/4	1		1	67	G4	4	1
2	2	3	1.0		0	0	3/4	1	1	1/4		1/4	1		-3	75	Eb5	5	3
2	2	4	1.5		1/4	1/4	3/4	1	1	3/8		1/4	3/2		-3	75	Eb5	5	4
2	2	11/2	0.5		5/8	5/8	3/4	1	1	1/8		1/8	1		-1	77	F5	5	5
3	3	6	1.0		0	0	3/4	1	1	1/4		1/4	1		2	74	D5	5	6
3	3	7	1.0		1/4	1/4	3/4	2	1	1/4		1/4	1		-2	70	Bb4	4	9
3	3	7	1.5		1/4	1/4	3/4	1	1	3/8		1/4	3/2		2	74	D5	5	7
3	3	8	1.0		1/2	1/2	3/4	2	1	1/4		1/4	1		1	67	G4	4	10
3	3	17/2	0.5		5/8	5/8	3/4	1	1	1/8		1/8	1		2	74	D5	5	8
4	4	9	0.5		0	0	3/4	2	1	1/8		1/8	1		-3	75	Eb5	5	14
4	4	9	1.0		0	0	3/4	1	1	1/4		1/4	1		1	79	G5	5	11
4	4	19/2	0.5		1/8	1/8	3/4	2	1	1/8		1/8	1		-1	77	F5	5	15
4	4	10	0.5		1/4	1/4	3/4	2	1	1/8		1/8	1		-3	75	Eb5	5	16
4	4	10	1.5		1/4	1/4	3/4	1	1	3/8		1/4	3/2		1	79	G5	5	12
4	4	21/2	0.5		3/8	3/8	3/4	2	1	1/8		1/8	1		2	74	D5	5	17
4	4	11	0.5		1/2	1/2	3/4	2	1	1/8		1/8	1		-3	75	Eb5	5	18
4	4	23/2	0.5		5/8	5/8	3/4	2	1	1/8		1/8	1		0	72	C5	5	19
4	4	23/2	0.5		5/8	5/8	3/4	1	1	1/8		1/8	1		3	81	A5	5	13
5	5	12	1.0		0	0	3/4	2	1	1/4		1/4	1		2	74	D5	5	23
5	5	12	1.0		0	0	3/4	1	1	1/4		1/4	1		6	78	F#5	5	20
5	5	13	1.0		1/4	1/4	3/4	2	1	1/4		1/4	1		6	66	F#4	4	24
5	5	13	1.5		1/4	1/4	3/4	1	1	3/8		1/4	3/2		3	81	A5	5	21
5	5	14	1.0		1/2	1/2	3/4	2	1	1/4		1/4	1		2	62	D4	4	25
5	5	29/2	0.5		5/8	5/8	3/4	1	1	1/8		1/8	1		3	81	A5	5	22
6	6	15	1.0		0	0	3/4	2	1	1/4		1/4	1		-2	70	Bb4	4	30
6	6	15	0.75		0	0	3/4	1	1	3/16		1/8	3/2		3	81	A5	5	26
6	6	63/4	0.25		3/16	3/16	3/4	1	1	1/16		1/16	1		-2	82	Bb5	5	27
6	6	16	1.5		1/4	1/4	3/4	2	1	3/8		1/4	3/2		-2	70	Bb4	4	31
6	6	16	1.5		1/4	1/4	3/4	1	1	3/8		1/4	3/2		1	79	G5	5	28
6	6	35/2	0.5		5/8	5/8	3/4	2	1	1/8		1/8	1		0	72	C5	5	32
6	6	35/2	0.5		5/8	5/8	3/4	1	1	1/8		1/8	1		1	79	G5	5	29
7	7	18	1.0		0	0	3/4	2	1	1/4		1/4	1		3	69	A4	4	37
7	7	18	0.75		0	0	3/4	1	1	3/16		1/8	3/2		1	79	G5	5	33
7	7	75/4	0.25		3/16	3/16	3/4	1	1	1/16		1/16	1		3	81	A5	5	34
7	7	19	1.5		1/4	1/4	3/4	2	1	3/8		1/4	3/2		3	69	A4	4	38
7	7	19	1.5		1/4	1/4	3/4	1	1	3/8		1/4	3/2		6	78	F#5	5	35
7	7	41/2	0.25		5/8	5/8	3/4	2	1	1/16		1/16	1		1	67	G4	4	39
7	7	41/2	0.5		5/8	5/8	3/4	1	1	1/8		1/8	1		1	79	G5	5	36
7	7	83/4	0.25		11/16	11/16	3/4	2	1	1/16		1/16	1		3	69	A4	4	40
8	8	21	1.0		0	0	3/4	2	1	1/4		1/4	1		1	67	G4	4	44
8	8	21	1.0		0	0	3/4	1	1	1/4		1/4	1		1	79	G5	5	41
8	8	22	1.0		1/4	1/4	3/4	2	1	1/4		1/4	1		-2	58	Bb3	3	45
8	8	22	1.5		1/4	1/4	3/4	1	1	3/8		1/4	3/2		2	74	D5	5	42
8	8	23	1.0		1/2	1/2	3/4	2	1	1/4		1/4	1		1	55	G3	3	46
8	8	47/2	0.5		5/8	5/8	3/4	1	1	1/8		1/8	1		2	74	D5	5	43
9	9	24	1.0		0	0	3/4	2	1	1/4		1/4	1		-3	63	Eb4	4	51
9	9	24	0.75		0	0	3/4	1	1	3/16		1/8	3/2		2	74	D5	5	47
9	9	99/4	0.25		3/16	3/16	3/4	1	1	1/16		1/16	1		-3	75	Eb5	5	48
9	9	25	1.5		1/4	1/4	3/4	2	1	3/8		1/4	3/2		-3	63	Eb4	4	52
9	9	25	1.5		1/4	1/4	3/4	1	1	3/8		1/4	3/2		0	72	C5	5	49
9	9	53/2	0.5		5/8	5/8	3/4	2	1	1/8		1/8	1		-1	65	F4	4	53
9	9	53/2	0.5		5/8	5/8	3/4	1	1	1/8		1/8	1		0	72	C5	5	50
10	10	27	1.0		0	0	3/4	2	1	1/4		1/4	1		2	62	D4	4	57
10	10	27	1.0		0	0	3/4	1	1	1/4		1/4	1		0	72	C5	5	54
10	10	28	1.5		1/4	1/4	3/4	2	1	3/8		1/4	3/2		2	62	D4	4	58
10	10	28	1.5		1/4	1/4	3/4	1	1	3/8		1/4	3/2		-2	70	Bb4	4	55
10	10	59/2	0.5		5/8	5/8	3/4	2	1	1/8		1/8	1		-3	63	Eb4	4	59
10	10	59/2	0.5		5/8	5/8	3/4	1	1	1/8		1/8	1		-2	70	Bb4	4	56
11	11	30	0.5		0	0	3/4	2	1	1/8		1/8	1		0	60	C4	4	63
11	11	30	1.0		0	0	3/4	1	1	1/4		1/4	1		-3	75	Eb5	5	60
11	11	61/2	0.5		1/8	1/8	3/4	2	1	1/8		1/8	1		2	62	D4	4	64
11	11	31	0.5		1/4	1/4	3/4	2	1	1/8		1/8	1		0	60	C4	4	65
11	11	31	1.5		1/4	1/4	3/4	1	1	3/8		1/4	3/2		3	69	A4	4	61
11	11	63/2	0.5		3/8	3/8	3/4	2	1	1/8		1/8	1		-2	58	Bb3	3	66
11	11	32	0.5		1/2	1/2	3/4	2	1	1/8		1/8	1		0	60	C4	4	67
11	11	65/2	0.5		5/8	5/8	3/4	2	1	1/8		1/8	1		3	57	A3	3	68
11	11	65/2	0.5		5/8	5/8	3/4	1	1	1/8		1/8	1		0	72	C5	5	62
12	12	33	1.0		0	0	3/4	2	1	1/4		1/4	1		2	62	D4	4	72
12	12	33	1.0		0	0	3/4	1	1	1/4		1/4	1		6	66	F#4	4	69
12	12	34	1.0		1/4	1/4	3/4	2	1	1/4		1/4	1		6	54	F#3	3	73
12	12	35	1.0		1/2	1/2	3/4	2	1	1/4		1/4	1		2	50	D3	3	74
12	12	35	0.75		1/2	1/2	3/4	1	1	3/16		1/8	3/2		3	69	A4	4	70
12	12	143/4	0.25		11/16	11/16	3/4	1	1	1/16		1/16	1		3	69	A4	4	71
13	13	36	1.0		0	0	3/4	2	1	1/4		1/4	1		-2	58	Bb3	3	81
13	13	36	0.5		0	0	3/4	1	1	1/8		1/8	1		2	74	D5	5	75
13	13	73/2	0.5		1/8	1/8	3/4	1	1	1/8		1/8	1		-3	75	Eb5	5	76
13	13	37	1.0		1/4	1/4	3/4	2	1	1/4		1/4	1		0	60	C4	4	82
13	13	37	0.5		1/4	1/4	3/4	1	1	1/8		1/8	1		2	74	D5	5	77
13	13	75/2	0.5		3/8	3/8	3/4	1	1	1/8		1/8	1		0	72	C5	5	78
13	13	38	1.0		1/2	1/2	3/4	2	1	1/4		1/4	1		2	62	D4	4	83
13	13	38	0.5		1/2	1/2	3/4	1	1	1/8		1/8	1		-2	70	Bb4	4	79
13	13	77/2	0.5		5/8	5/8	3/4	1	1	1/8		1/8	1		3	69	A4	4	80
14	14	39	0.0		0	0	3/4	1	1	0	appoggiatura	1/8	1		3	69	A4	4	84
14	14	39	1.0		0	0	3/4	2	1	1/4		1/4	1		1	55	G3	3	88
14	14	39	1.0		0	0	3/4	1	1	1/4		1/4	1		-2	70	Bb4	4	85
14	14	40	1.0		1/4	1/4	3/4	2	1	1/4		1/4	1		-2	46	Bb2	2	89
14	14	41	1.0		1/2	1/2	3/4	2	1	1/4		1/4	1		1	43	G2	2	90
14	14	41	0.75		1/2	1/2	3/4	1	1	3/16		1/8	3/2		2	74	D5	5	86
14	14	167/4	0.25		11/16	11/16	3/4	1	1	1/16		1/16	1		2	74	D5	5	87
15	15	42	1.0		0	0	3/4	2	1	1/4		1/4	1		-3	51	Eb3	3	97
15	15	42	0.5		0	0	3/4	1	1	1/8		1/8	1		1	79	G5	5	91
15	15	85/2	0.5		1/8	1/8	3/4	1	1	1/8		1/8	1		-4	80	Ab5	5	92
15	15	43	1.0		1/4	1/4	3/4	2	1	1/4		1/4	1		-3	51	Eb3	3	98
15	15	43	0.5		1/4	1/4	3/4	1	1	1/8		1/8	1		1	79	G5	5	93
15	15	87/2	0.5		3/8	3/8	3/4	1	1	1/8		1/8	1		-1	77	F5	5	94
15	15	44	1.0		1/2	1/2	3/4	2	1	1/4		1/4	1		0	48	C3	3	99
15	15	44	0.5		1/2	1/2	3/4	1	1	1/8		1/8	1		-3	75	Eb5	5	95
15	15	89/2	0.5		5/8	5/8	3/4	1	1	1/8		1/8	1		2	74	D5	5	96
16	16	45	1.0		0	0	3/4	2	1	1/4		1/4	1		-1	53	F3	3	103
16	16	45	2.0		0	0	3/4	1	1	1/2		1/2	1		0	72	C5	5	100
16	16	46	0.5		1/4	1/4	3/4	2	1	1/8		1/8	1		-1	65	F4	4	104
16	16	93/2	0.5		3/8	3/8	3/4	2	1	1/8		1/8	1		1	67	G4	4	105
16	16	47	0.5		1/2	1/2	3/4	2	1	1/8		1/8	1		-1	65	F4	4	106
16	16	47	0.75		1/2	1/2	3/4	1	1	3/16		1/8	3/2		0	72	C5	5	101
16	16	95/2	0.5		5/8	5/8	3/4	2	1	1/8		1/8	1		-3	63	Eb4	4	107
16	16	191/4	0.25		11/16	11/16	3/4	1	1	1/16		1/16	1		0	72	C5	5	102
17	17	48	1.0		0	0	3/4	2	1	1/4		1/4	1		2	62	D4	4	114
17	17	48	0.5		0	0	3/4	1	1	1/8		1/8	1		-1	77	F5	5	108
17	17	97/2	0.5		1/8	1/8	3/4	1	1	1/8		1/8	1		1	79	G5	5	109
17	17	49	0.5		1/4	1/4	3/4	1	1	1/8		1/8	1		-1	77	F5	5	110
17	17	99/2	0.5		3/8	3/8	3/4	1	1	1/8		1/8	1		-3	75	Eb5	5	111
17	17	50	0.75		1/2	1/2	3/4	2	1	3/16		1/8	3/2		2	50	D3	3	115
17	17	50	0.5		1/2	1/2	3/4	1	1	1/8		1/8	1		2	74	D5	5	112
17	17	101/2	0.5		5/8	5/8	3/4	1	1	1/8		1/8	1		0	72	C5	5	113
17	17	203/4	0.25		11/16	11/16	3/4	2	1	1/16		1/16	1		2	50	D3	3	116
18	18	51	1.0		0	0	3/4	2	1	1/4		1/4	1		1	55	G3	3	123
18	18	51	0.5		0	0	3/4	1	1	1/8		1/8	1		-2	70	Bb4	4	117
18	18	103/2	0.5		1/8	1/8	3/4	1	1	1/8		1/8	1		3	69	A4	4	118
18	18	52	1.0		1/4	1/4	3/4	2	1	1/4		1/4	1		3	57	A3	3	124
18	18	52	0.5		1/4	1/4	3/4	1	1	1/8		1/8	1		-2	70	Bb4	4	119
18	18	105/2	0.5		3/8	3/8	3/4	1	1	1/8		1/8	1		0	72	C5	5	120
18	18	53	0.0		1/2	1/2	3/4	1	1	0	appoggiatura	1/8	1		0	72	C5	5	121
18	18	53	1.0		1/2	1/2	3/4	2	1	1/4		1/4	1		-2	58	Bb3	3	125
18	18	53	1.0		1/2	1/2	3/4	1	1	1/4		1/4	1	1	2	74	D5	5	122
19	19	54	1.0		0	0	3/4	2	1	1/4		1/4	1		-3	51	Eb3	3	130
19	19	54	0.5		0	0	3/4	1	1	1/8		1/8	1	-1	2	74	D5	5	126
19	19	109/2	0.5		1/8	1/8	3/4	1	1	1/8		1/8	1		-3	75	Eb5	5	127
19	19	55	1.0		1/4	1/4	3/4	2	1	1/4		1/4	1		-1	53	F3	3	131
19	19	55	1.5		1/4	1/4	3/4	1	1	3/8		1/4	3/2		0	72	C5	5	128
19	19	56	1.0		1/2	1/2	3/4	2	1	1/4		1/4	1		-1	41	F2	2	132
19	19	113/2	0.5		5/8	5/8	3/4	1	1	1/8		1/8	1		-2	70	Bb4	4	129
20	20		0.5	1	0	0	3/4	2	1	1/8		1/8	1		-2	46	Bb2	2	134
20	20		3.0	1	0	0	3/4	1	1	3/4		1/2	3/2		-2	70	Bb4	4	133
20	20		0.5	1	1/8	1/8	3/4	2	1	1/8		1/8	1		0	48	C3	3	135
20	20		0.5	1	1/4	1/4	3/4	2	1	1/8		1/8	1		2	50	D3	3	136
20	20		0.5	1	3/8	3/8	3/4	2	1	1/8		1/8	1		0	48	C3	3	137
20	20		0.5	1	1/2	1/2	3/4	2	1	1/8		1/8	1		-2	46	Bb2	2	138
20	20		0.5	1	5/8	5/8	3/4	2	1	1/8		1/8	1		3	45	A2	2	139
21	20	57	1.0	2	0	0	3/4	2	1	1/4		1/4	1		-2	46	Bb2	2	145
21	20	57	1.0	2	0	0	3/4	1	1	1/4		1/4	1		-2	70	Bb4	4	140
21	20	58	1.0	2	1/4	1/4	3/4	1	2	1/4		1/4	1		2	74	D5	5	143
21	20	58	1.0	2	1/4	1/4	3/4	1	1	1/4		1/4	1		-1	77	F5	5	141
21	20	59	1.0	2	1/2	1/2	3/4	1	2	1/4		1/4	1		2	74	D5	5	144
21	20	59	1.0	2	1/2	1/2	3/4	1	1	1/4		1/4	1		-1	77	F5	5	142
22	21	60	1.0		0	0	3/4	1	2	1/4		1/4	1		2	74	D5	5	151
22	21	60	1.0		0	0	3/4	1	1	1/4		1/4	1		-1	77	F5	5	146
22	21	61	0.5		1/4	1/4	3/4	1	2	1/8		1/8	1		0	72	C5	5	152
22	21	61	0.5		1/4	1/4	3/4	1	1	1/8		1/8	1		-3	75	Eb5	5	147
22	21	123/2	0.5		3/8	3/8	3/4	1	2	1/8		1/8	1		-2	70	Bb4	4	153
22	21	123/2	0.5		3/8	3/8	3/4	1	1	1/8		1/8	1		2	74	D5	5	148
22	21	62	0.5		1/2	1/2	3/4	1	2	1/8		1/8	1		0	72	C5	5	154
22	21	62	0.5		1/2	1/2	3/4	1	1	1/8		1/8	1		-3	75	Eb5	5	149
22	21	125/2	0.5		5/8	5/8	3/4	1	2	1/8		1/8	1		3	69	A4	4	155
22	21	125/2	0.5		5/8	5/8	3/4	1	1	1/8		1/8	1		0	72	C5	5	150
23	22	63	1.0		0	0	3/4	1	2	1/4		1/4	1		-2	70	Bb4	4	159
23	22	63	1.0		0	0	3/4	1	1	1/4		1/4	1		2	74	D5	5	156
23	22	64	1.0		1/4	1/4	3/4	2	1	1/4		1/4	1		-2	58	Bb3	3	160
23	22	64	1.0		1/4	1/4	3/4	1	1	1/4		1/4	1		2	74	D5	5	157
23	22	65	1.0		1/2	1/2	3/4	2	1	1/4		1/4	1		1	55	G3	3	161
23	22	65	1.0		1/2	1/2	3/4	1	1	1/4		1/4	1		2	74	D5	5	158
24	23	66	1.0		0	0	3/4	2	1	1/4		1/4	1		-3	63	Eb4	4	167
24	23	66	1.0		0	0	3/4	1	1	1/4		1/4	1		2	74	D5	5	162
24	23	67	1.0		1/4	1/4	3/4	2	1	1/4		1/4	1		-3	63	Eb4	4	168
24	23	67	0.5		1/4	1/4	3/4	1	1	1/8		1/8	1		0	72	C5	5	163
24	23	135/2	0.5		3/8	3/8	3/4	1	1	1/8		1/8	1		-2	70	Bb4	4	164
24	23	68	1.0		1/2	1/2	3/4	2	1	1/4		1/4	1		0	60	C4	4	169
24	23	68	0.5		1/2	1/2	3/4	1	1	1/8		1/8	1		3	69	A4	4	165
24	23	137/2	0.5		5/8	5/8	3/4	1	1	1/8		1/8	1		1	67	G4	4	166
25	24	69	1.0		0	0	3/4	2	1	1/4		1/4	1		2	62	D4	4	175
25	24	69	1.0		0	0	3/4	1	1	1/4		1/4	1		6	66	F#4	4	170
25	24	70	1.0		1/4	1/4	3/4	1	2	1/4		1/4	1		-1	77	F5	5	173
25	24	70	1.0		1/4	1/4	3/4	1	1	1/4		1/4	1		3	81	A5	5	171
25	24	71	1.0		1/2	1/2	3/4	1	2	1/4		1/4	1		-1	77	F5	5	174
25	24	71	1.0		1/2	1/2	3/4	1	1	1/4		1/4	1		3	81	A5	5	172
26	25	72	1.0		0	0	3/4	1	2	1/4		1/4	1		-1	77	F5	5	181
26	25	72	1.0		0	0	3/4	1	1	1/4		1/4	1		3	81	A5	5	176
26	25	73	0.5		1/4	1/4	3/4	1	2	1/8		1/8	1		4	76	E5	5	182
26	25	73	0.5		1/4	1/4	3/4	1	1	1/8		1/8	1		1	79	G5	5	177
26	25	147/2	0.5		3/8	3/8	3/4	1	2	1/8		1/8	1		2	74	D5	5	183
26	25	147/2	0.5		3/8	3/8	3/4	1	1	1/8		1/8	1		-1	77	F5	5	178
26	25	74	0.5		1/2	1/2	3/4	1	2	1/8		1/8	1		4	76	E5	5	184
26	25	74	0.5		1/2	1/2	3/4	1	1	1/8		1/8	1		1	79	G5	5	179
26	25	149/2	0.5		5/8	5/8	3/4	1	2	1/8		1/8	1		7	73	C#5	5	185
26	25	149/2	0.5		5/8	5/8	3/4	1	1	1/8		1/8	1		4	76	E5	5	180
27	26	75	1.0		0	0	3/4	1	2	1/4		1/4	1		2	74	D5	5	191
27	26	75	1.0		0	0	3/4	1	1	1/4		1/4	1		-1	77	F5	5	186
27	26	76	1.0		1/4	1/4	3/4	2	1	1/4		1/4	1		-1	53	F3	3	192
27	26	76	0.5		1/4	1/4	3/4	1	1	1/8		1/8	1		3	81	A5	5	187
27	26	153/2	0.5		3/8	3/8	3/4	1	1	1/8		1/8	1		1	79	G5	5	188
27	26	77	1.0		1/2	1/2	3/4	2	1	1/4		1/4	1		2	50	D3	3	193
27	26	77	0.5		1/2	1/2	3/4	1	1	1/8		1/8	1		-1	77	F5	5	189
27	26	155/2	0.5		5/8	5/8	3/4	1	1	1/8		1/8	1		4	76	E5	5	190
28	27	78	0.5		0	0	3/4	2	1	1/8		1/8	1		-2	58	Bb3	3	199
28	27	78	1.0		0	0	3/4	1	1	1/4		1/4	1		2	74	D5	5	194
28	27	157/2	0.5		1/8	1/8	3/4	2	1	1/8		1/8	1		0	60	C4	4	200
28	27	79	0.5		1/4	1/4	3/4	2	1	1/8		1/8	1		-2	58	Bb3	3	201
28	27	79	0.5		1/4	1/4	3/4	1	1	1/8		1/8	1		1	79	G5	5	195
28	27	159/2	0.5		3/8	3/8	3/4	2	1	1/8		1/8	1		3	57	A3	3	202
28	27	159/2	0.5		3/8	3/8	3/4	1	1	1/8		1/8	1		-1	77	F5	5	196
28	27	80	0.5		1/2	1/2	3/4	2	1	1/8		1/8	1		-2	58	Bb3	3	203
28	27	80	0.5		1/2	1/2	3/4	1	1	1/8		1/8	1		4	76	E5	5	197
28	27	161/2	0.5		5/8	5/8	3/4	2	1	1/8		1/8	1		1	55	G3	3	204
28	27	161/2	0.5		5/8	5/8	3/4	1	1	1/8		1/8	1		2	74	D5	5	198
29	28	81	0.5		0	0	3/4	2	1	1/8		1/8	1		3	57	A3	3	210
29	28	81	1.0		0	0	3/4	1	1	1/4		1/4	1		7	73	C#5	5	205
29	28	163/2	0.5		1/8	1/8	3/4	2	1	1/8		1/8	1		1	55	G3	3	211
29	28	82	0.5		1/4	1/4	3/4	2	1	1/8		1/8	1		-1	53	F3	3	212
29	28	82	0.5		1/4	1/4	3/4	1	1	1/8		1/8	1		2	74	D5	5	206
29	28	165/2	0.5		3/8	3/8	3/4	2	1	1/8		1/8	1		4	52	E3	3	213
29	28	165/2	0.5		3/8	3/8	3/4	1	1	1/8		1/8	1		4	76	E5	5	207
29	28	83	0.0		1/2	1/2	3/4	1	1	0	appoggiatura	1/8	1		4	76	E5	5	208
29	28	83	1.0		1/2	1/2	3/4	2	1	1/4		1/4	1		2	50	D3	3	214
29	28	83	1.0		1/2	1/2	3/4	1	1	1/4		1/4	1	1	-1	77	F5	5	209
30	29	84	1.0		0	0	3/4	2	1	1/4		1/4	1		1	43	G2	2	220
30	29	84	0.5		0	0	3/4	1	1	1/8		1/8	1	-1	-1	77	F5	5	215
30	29	169/2	0.5		1/8	1/8	3/4	1	1	1/8		1/8	1		4	76	E5	5	216
30	29	85	0.0		1/4	1/4	3/4	1	1	0	appoggiatura	1/8	1		4	76	E5	5	217
30	29	85	2.0		1/4	1/4	3/4	2	1	1/2		1/2	1		3	45	A2	2	221
30	29	85	1.5		1/4	1/4	3/4	1	1	3/8		1/4	3/2		6	78	F#5	5	218
30	29	173/2	0.5		5/8	5/8	3/4	1	1	1/8		1/8	1		1	79	G5	5	219
31	30	87	1.0		0	0	3/4	2	1	1/4		1/4	1		2	38	D2	2	227
31	30	87	1.0		0	0	3/4	1	1	1/4		1/4	1		6	78	F#5	5	222
31	30	88	1.0		1/4	1/4	3/4	1	2	1/4		1/4	1		-2	70	Bb4	4	225
31	30	88	1.0		1/4	1/4	3/4	1	1	1/4		1/4	1		2	74	D5	5	223
31	30	89	1.0		1/2	1/2	3/4	1	2	1/4		1/4	1		-2	70	Bb4	4	226
31	30	89	1.0		1/2	1/2	3/4	1	1	1/4		1/4	1		2	74	D5	5	224
32	31	90	1.0		0	0	3/4	1	2	1/4		1/4	1		-2	70	Bb4	4	233
32	31	90	1.0		0	0	3/4	1	1	1/4		1/4	1		2	74	D5	5	228
32	31	91	0.5		1/4	1/4	3/4	1	2	1/8		1/8	1		3	69	A4	4	234
32	31	91	0.5		1/4	1/4	3/4	1	1	1/8		1/8	1		0	72	C5	5	229
32	31	183/2	0.5		3/8	3/8	3/4	1	2	1/8		1/8	1		1	67	G4	4	235
32	31	183/2	0.5		3/8	3/8	3/4	1	1	1/8		1/8	1		-2	70	Bb4	4	230
32	31	92	0.5		1/2	1/2	3/4	1	2	1/8		1/8	1		3	69	A4	4	236
32	31	92	0.5		1/2	1/2	3/4	1	1	1/8		1/8	1		0	72	C5	5	231
32	31	185/2	0.5		5/8	5/8	3/4	1	2	1/8		1/8	1		6	66	F#4	4	237
32	31	185/2	0.5		5/8	5/8	3/4	1	1	1/8		1/8	1		3	69	A4	4	232
33	32	93	1.0		0	0	3/4	1	2	1/4		1/4	1		1	67	G4	4	243
33	32	93	1.0		0	0	3/4	1	1	1/4		1/4	1		-2	70	Bb4	4	238
33	32	94	1.0		1/4	1/4	3/4	2	1	1/4		1/4	1		1	55	G3	3	244
33	32	94	0.5		1/4	1/4	3/4	1	1	1/8		1/8	1		-3	75	Eb5	5	239
33	32	189/2	0.5		3/8	3/8	3/4	1	1	1/8		1/8	1		2	74	D5	5	240
33	32	95	1.0		1/2	1/2	3/4	2	1	1/4		1/4	1		1	55	G3	3	245
33	32	95	0.5		1/2	1/2	3/4	1	1	1/8		1/8	1		0	72	C5	5	241
33	32	191/2	0.5		5/8	5/8	3/4	1	1	1/8		1/8	1		-2	70	Bb4	4	242
34	33	96	1.0		0	0	3/4	2	1	1/4		1/4	1		1	55	G3	3	251
34	33	96	1.0		0	0	3/4	1	1	1/4		1/4	1		3	69	A4	4	246
34	33	97	0.5		1/4	1/4	3/4	2	1	1/8		1/8	1		-1	53	F3	3	252
34	33	97	0.5		1/4	1/4	3/4	1	1	1/8		1/8	1		2	74	D5	5	247
34	33	195/2	0.5		3/8	3/8	3/4	2	1	1/8		1/8	1		-3	51	Eb3	3	253
34	33	195/2	0.5		3/8	3/8	3/4	1	1	1/8		1/8	1		0	72	C5	5	248
34	33	98	0.5		1/2	1/2	3/4	2	1	1/8		1/8	1		-1	53	F3	3	254
34	33	98	0.5		1/2	1/2	3/4	1	1	1/8		1/8	1		-2	70	Bb4	4	249
34	33	197/2	0.5		5/8	5/8	3/4	2	1	1/8		1/8	1		2	50	D3	3	255
34	33	197/2	0.5		5/8	5/8	3/4	1	1	1/8		1/8	1		3	69	A4	4	250
35	34	99	0.5		0	0	3/4	2	1	1/8		1/8	1		-3	51	Eb3	3	261
35	34	99	1.0		0	0	3/4	1	1	1/4		1/4	1		1	67	G4	4	256
35	34	199/2	0.5		1/8	1/8	3/4	2	1	1/8		1/8	1		-1	53	F3	3	262
35	34	100	0.5		1/4	1/4	3/4	2	1	1/8		1/8	1		-3	51	Eb3	3	263
35	34	100	0.5		1/4	1/4	3/4	1	1	1/8		1/8	1		0	72	C5	5	257
35	34	201/2	0.5		3/8	3/8	3/4	2	1	1/8		1/8	1		2	50	D3	3	264
35	34	201/2	0.5		3/8	3/8	3/4	1	1	1/8		1/8	1		-2	70	Bb4	4	258
35	34	101	0.5		1/2	1/2	3/4	2	1	1/8		1/8	1		-3	51	Eb3	3	265
35	34	101	0.5		1/2	1/2	3/4	1	1	1/8		1/8	1		3	69	A4	4	259
35	34	203/2	0.5		5/8	5/8	3/4	2	1	1/8		1/8	1		0	48	C3	3	266
35	34	203/2	0.5		5/8	5/8	3/4	1	1	1/8		1/8	1		1	67	G4	4	260
36	35	102	1.0		0	0	3/4	2	1	1/4		1/4	1		2	50	D3	3	272
36	35	102	0.75		0	0	3/4	1	1	3/16		1/8	3/2		6	66	F#4	4	267
36	35	411/4	0.25		3/16	3/16	3/4	1	1	1/16		1/16	1		1	67	G4	4	268
36	35	103	2.0		1/4	1/4	3/4	2	1	1/2		1/2	1		1	43	G2	2	273
36	35	103	1.5		1/4	1/4	3/4	1	1	3/8		1/4	3/2		1	67	G4	4	269
36	35	209/2	0.25		5/8	5/8	3/4	1	1	1/16		1/16	1		6	66	F#4	4	270
36	35	419/4	0.25		11/16	11/16	3/4	1	1	1/16		1/16	1		1	67	G4	4	271
37	36	105	1.0		0	0	3/4	2	1	1/4		1/4	1		2	38	D2	2	279
37	36	105	1.0		0	0	3/4	1	1	1/4		1/4	1		3	69	A4	4	274
37	36	106	1.0		1/4	1/4	3/4	2	1	1/4		1/4	1		2	62	D4	4	280
37	36	106	0.5		1/4	1/4	3/4	1	1	1/8		1/8	1		2	74	D5	5	275
37	36	213/2	0.5		3/8	3/8	3/4	1	1	1/8		1/8	1		4	76	E5	5	276
37	36	107	1.0		1/2	1/2	3/4	2	1	1/4		1/4	1		2	62	D4	4	281
37	36	107	0.5		1/2	1/2	3/4	1	1	1/8		1/8	1		-1	77	F5	5	277
37	36	215/2	0.5		5/8	5/8	3/4	1	1	1/8		1/8	1		1	79	G5	5	278
38	37	108	1.0		0	0	3/4	2	1	1/4		1/4	1		2	62	D4	4	287
38	37	108	1.0		0	0	3/4	1	1	1/4		1/4	1		4	76	E5	5	282
38	37	109	0.5		1/4	1/4	3/4	2	1	1/8		1/8	1		0	60	C4	4	288
38	37	109	0.5		1/4	1/4	3/4	1	1	1/8		1/8	1		3	81	A5	5	283
38	37	219/2	0.5		3/8	3/8	3/4	2	1	1/8		1/8	1		-2	58	Bb3	3	289
38	37	219/2	0.5		3/8	3/8	3/4	1	1	1/8		1/8	1		-2	82	Bb5	5	284
38	37	110	0.5		1/2	1/2	3/4	2	1	1/8		1/8	1		0	60	C4	4	290
38	37	110	0.5		1/2	1/2	3/4	1	1	1/8		1/8	1		3	81	A5	5	285
38	37	221/2	0.5		5/8	5/8	3/4	2	1	1/8		1/8	1		3	57	A3	3	291
38	37	221/2	0.5		5/8	5/8	3/4	1	1	1/8		1/8	1		1	79	G5	5	286
39	38	111	0.5		0	0	3/4	2	1	1/8		1/8	1		-2	58	Bb3	3	298
39	38	111	0.5		0	0	3/4	1	1	1/8		1/8	1		6	78	F#5	5	292
39	38	223/2	0.5		1/8	1/8	3/4	2	1	1/8		1/8	1		0	60	C4	4	299
39	38	223/2	0.5		1/8	1/8	3/4	1	1	1/8		1/8	1		2	74	D5	5	293
39	38	112	0.5		1/4	1/4	3/4	2	1	1/8		1/8	1		-2	58	Bb3	3	300
39	38	112	0.5		1/4	1/4	3/4	1	1	1/8		1/8	1		4	76	E5	5	294
39	38	225/2	0.5		3/8	3/8	3/4	2	1	1/8		1/8	1		3	57	A3	3	301
39	38	225/2	0.5		3/8	3/8	3/4	1	1	1/8		1/8	1		6	78	F#5	5	295
39	38	113	0.0		1/2	1/2	3/4	1	1	0	appoggiatura	1/8	1		6	78	F#5	5	296
39	38	113	1.0		1/2	1/2	3/4	2	1	1/4		1/4	1		1	55	G3	3	302
39	38	113	1.0		1/2	1/2	3/4	1	1	1/4		1/4	1	1	1	79	G5	5	297
40	39	114	1.0		0	0	3/4	2	1	1/4		1/4	1		0	60	C4	4	307
40	39	114	0.5		0	0	3/4	1	1	1/8		1/8	1	-1	1	79	G5	5	303
40	39	229/2	0.5		1/8	1/8	3/4	1	1	1/8		1/8	1		3	81	A5	5	304
40	39	115	1.0		1/4	1/4	3/4	2	1	1/4		1/4	1		2	62	D4	4	308
40	39	115	1.5		1/4	1/4	3/4	1	1	3/8		1/4	3/2		3	81	A5	5	305
40	39	116	1.0		1/2	1/2	3/4	2	1	1/4		1/4	1		2	50	D3	3	309
40	39	233/2	0.5		5/8	5/8	3/4	1	1	1/8		1/8	1		1	79	G5	5	306
41	40	117	1.0		0	0	3/4	2	1	1/4		1/4	1		1	55	G3	3	315
41	40	117	1.0		0	0	3/4	1	1	1/4		1/4	1		1	79	G5	5	310
41	40	118	1.0		1/4	1/4	3/4	1	2	1/4		1/4	1		-2	70	Bb4	4	313
41	40	118	1.0		1/4	1/4	3/4	1	1	1/4		1/4	1		2	74	D5	5	311
41	40	119	1.0		1/2	1/2	3/4	1	2	1/4		1/4	1		-2	70	Bb4	4	314
41	40	119	1.0		1/2	1/2	3/4	1	1	1/4		1/4	1		2	74	D5	5	312
42	41	120	1.0		0	0	3/4	1	2	1/4		1/4	1		-2	70	Bb4	4	321
42	41	120	1.0		0	0	3/4	1	1	1/4		1/4	1		2	74	D5	5	316
42	41	121	0.5		1/4	1/4	3/4	1	2	1/8		1/8	1		3	69	A4	4	322
42	41	121	0.5		1/4	1/4	3/4	1	1	1/8		1/8	1		0	72	C5	5	317
42	41	243/2	0.5		3/8	3/8	3/4	1	2	1/8		1/8	1		1	67	G4	4	323
42	41	243/2	0.5		3/8	3/8	3/4	1	1	1/8		1/8	1		-2	70	Bb4	4	318
42	41	122	0.5		1/2	1/2	3/4	1	2	1/8		1/8	1		3	69	A4	4	324
42	41	122	0.5		1/2	1/2	3/4	1	1	1/8		1/8	1		0	72	C5	5	319
42	41	245/2	0.5		5/8	5/8	3/4	1	2	1/8		1/8	1		6	66	F#4	4	325
42	41	245/2	0.5		5/8	5/8	3/4	1	1	1/8		1/8	1		3	69	A4	4	320
43	42	123	1.0		0	0	3/4	1	2	1/4		1/4	1		1	67	G4	4	331
43	42	123	1.0		0	0	3/4	1	1	1/4		1/4	1		-2	70	Bb4	4	326
43	42	124	1.0		1/4	1/4	3/4	2	1	1/4		1/4	1		1	55	G3	3	332
43	42	124	0.5		1/4	1/4	3/4	1	1	1/8		1/8	1		-3	75	Eb5	5	327
43	42	249/2	0.5		3/8	3/8	3/4	1	1	1/8		1/8	1		2	74	D5	5	328
43	42	125	1.0		1/2	1/2	3/4	2	1	1/4		1/4	1		1	55	G3	3	333
43	42	125	0.5		1/2	1/2	3/4	1	1	1/8		1/8	1		0	72	C5	5	329
43	42	251/2	0.5		5/8	5/8	3/4	1	1	1/8		1/8	1		-2	70	Bb4	4	330
44	43	126	1.0		0	0	3/4	2	1	1/4		1/4	1		1	55	G3	3	339
44	43	126	1.0		0	0	3/4	1	1	1/4		1/4	1		3	69	A4	4	334
44	43	127	0.5		1/4	1/4	3/4	2	1	1/8		1/8	1		-1	53	F3	3	340
44	43	127	0.5		1/4	1/4	3/4	1	1	1/8		1/8	1		2	74	D5	5	335
44	43	255/2	0.5		3/8	3/8	3/4	2	1	1/8		1/8	1		-3	51	Eb3	3	341
44	43	255/2	0.5		3/8	3/8	3/4	1	1	1/8		1/8	1		0	72	C5	5	336
44	43	128	0.5		1/2	1/2	3/4	2	1	1/8		1/8	1		-1	53	F3	3	342
44	43	128	0.5		1/2	1/2	3/4	1	1	1/8		1/8	1		-2	70	Bb4	4	337
44	43	257/2	0.5		5/8	5/8	3/4	2	1	1/8		1/8	1		2	50	D3	3	343
44	43	257/2	0.5		5/8	5/8	3/4	1	1	1/8		1/8	1		3	69	A4	4	338
45	44	129	0.5		0	0	3/4	2	1	1/8		1/8	1		-3	51	Eb3	3	348
45	44	129	1.5		0	0	3/4	1	1	3/8		1/4	3/2		1	67	G4	4	344
45	44	259/2	0.5		1/8	1/8	3/4	2	1	1/8		1/8	1		-1	53	F3	3	349
45	44	130	0.5		1/4	1/4	3/4	2	1	1/8		1/8	1		-3	51	Eb3	3	350
45	44	261/2	0.5		3/8	3/8	3/4	2	1	1/8		1/8	1		2	50	D3	3	351
45	44	261/2	0.5		3/8	3/8	3/4	1	1	1/8		1/8	1		6	66	F#4	4	345
45	44	131	0.0		1/2	1/2	3/4	1	1	0	appoggiatura	1/8	1		6	66	F#4	4	346
45	44	131	1.0		1/2	1/2	3/4	2	1	1/4		1/4	1		-3	51	Eb3	3	352
45	44	131	1.0		1/2	1/2	3/4	1	1	1/4		1/4	1	1	1	67	G4	4	347
46	45	132	1.0		0	0	3/4	2	1	1/4		1/4	1		0	48	C3	3	357
46	45	132	0.5		0	0	3/4	1	1	1/8		1/8	1	-1	1	67	G4	4	353
46	45	265/2	0.5		1/8	1/8	3/4	1	1	1/8		1/8	1		3	69	A4	4	354
46	45	133	1.0		1/4	1/4	3/4	2	1	1/4		1/4	1		2	50	D3	3	358
46	45	133	1.5		1/4	1/4	3/4	1	1	3/8		1/4	3/2		3	69	A4	4	355
46	45	134	1.0		1/2	1/2	3/4	2	1	1/4		1/4	1		2	38	D2	2	359
46	45	269/2	0.5		5/8	5/8	3/4	1	1	1/8		1/8	1		1	67	G4	4	356
47	46		1.0	1	0	0	3/4	2	1	1/4		1/4	1		1	43	G2	2	361
47	46		3.0	1	0	0	3/4	1	1	3/4		1/2	3/2		1	67	G4	4	360
47	46		0.5	1	1/4	1/4	3/4	2	1	1/8		1/8	1		1	55	G3	3	362
47	46		0.5	1	3/8	3/8	3/4	2	1	1/8		1/8	1		-1	53	F3	3	363
47	46		0.5	1	1/2	1/2	3/4	2	1	1/8		1/8	1		1	55	G3	3	364
47	46		0.5	1	5/8	5/8	3/4	2	1	1/8		1/8	1		3	57	A3	3	365
48	20		1.0	1	0	0	3/4	2	1	1/4		1/4	1		-2	58	Bb3	3	370
48	20		1.0	1	1/4	1/4	3/4	1	2	1/4		1/4	1		2	74	D5	5	368
48	20		1.0	1	1/4	1/4	3/4	1	1	1/4		1/4	1		-1	77	F5	5	366
48	20		1.0	1	1/2	1/2	3/4	1	2	1/4		1/4	1		2	74	D5	5	369
48	20		1.0	1	1/2	1/2	3/4	1	1	1/4		1/4	1		-1	77	F5	5	367
49	46	135	3.0	2	0	0	3/4	2	1	3/4		1/2	3/2		1	43	G2	2	372
49	46	135	3.0	2	0	0	3/4	1	1	3/4		1/2	3/2		1	67	G4	4	371
