mc	mn	quarterbeats	duration_qb	mc_onset	mn_onset	timesig	staff	voice	duration	nominal_duration	scalar	tied	tpc	midi	name	octave	chord_id
1	1	0	4.0	0	0	4/4	3	1	1	1	1		1	67	G4	4	16
1	1	0	0.5	0	0	4/4	2	1	1/8	1/8	1		5	71	B4	4	8
1	1	0	0.5	0	0	4/4	1	1	1/8	1/8	1		2	74	D5	5	0
1	1	1/2	0.5	1/8	1/8	4/4	2	1	1/8	1/8	1		3	69	A4	4	9
1	1	1/2	0.5	1/8	1/8	4/4	1	1	1/8	1/8	1		7	73	C#5	5	1
1	1	1	0.5	1/4	1/4	4/4	2	1	1/8	1/8	1		5	71	B4	4	10
1	1	1	0.5	1/4	1/4	4/4	1	1	1/8	1/8	1		2	74	D5	5	2
1	1	3/2	0.5	3/8	3/8	4/4	2	1	1/8	1/8	1		7	73	C#5	5	11
1	1	3/2	0.5	3/8	3/8	4/4	1	1	1/8	1/8	1		4	76	E5	5	3
1	1	2	0.5	1/2	1/2	4/4	2	1	1/8	1/8	1		5	71	B4	4	12
1	1	2	0.5	1/2	1/2	4/4	1	1	1/8	1/8	1		2	74	D5	5	4
1	1	5/2	0.5	5/8	5/8	4/4	2	1	1/8	1/8	1		7	73	C#5	5	13
1	1	5/2	0.5	5/8	5/8	4/4	1	1	1/8	1/8	1		4	76	E5	5	5
1	1	3	0.5	3/4	3/4	4/4	2	1	1/8	1/8	1		5	71	B4	4	14
1	1	3	0.5	3/4	3/4	4/4	1	1	1/8	1/8	1		2	74	D5	5	6
1	1	7/2	0.5	7/8	7/8	4/4	2	1	1/8	1/8	1		7	73	C#5	5	15
1	1	7/2	0.5	7/8	7/8	4/4	1	1	1/8	1/8	1		4	76	E5	5	7
2	2	4	4.0	0	0	4/4	3	1	1	1	1		6	66	F#4	4	28
2	2	4	1.0	0	0	4/4	2	1	1/4	1/4	1		2	74	D5	5	25
2	2	4	0.5	0	0	4/4	1	1	1/8	1/8	1		6	78	F#5	5	17
2	2	9/2	0.5	1/8	1/8	4/4	1	1	1/8	1/8	1		4	76	E5	5	18
2	2	5	1.0	1/4	1/4	4/4	2	1	1/4	1/4	1		3	69	A4	4	26
2	2	5	0.5	1/4	1/4	4/4	1	1	1/8	1/8	1		6	78	F#5	5	19
2	2	11/2	0.5	3/8	3/8	4/4	1	1	1/8	1/8	1		1	79	G5	5	20
2	2	6	2.0	1/2	1/2	4/4	2	1	1/2	1/2	1	1	2	74	D5	5	27
2	2	6	0.5	1/2	1/2	4/4	1	1	1/8	1/8	1		6	78	F#5	5	21
2	2	13/2	0.5	5/8	5/8	4/4	1	1	1/8	1/8	1		1	79	G5	5	22
2	2	7	0.5	3/4	3/4	4/4	1	1	1/8	1/8	1		3	81	A5	5	23
2	2	15/2	0.5	7/8	7/8	4/4	1	1	1/8	1/8	1		6	78	F#5	5	24
3	3	8	2.0	0	0	4/4	3	1	1/2	1/2	1	1	4	64	E4	4	42
3	3	8	2.0	0	0	4/4	2	1	1/2	1/2	1	-1	2	74	D5	5	37
3	3	8	0.5	0	0	4/4	1	1	1/8	1/8	1		1	79	G5	5	29
3	3	17/2	0.5	1/8	1/8	4/4	1	1	1/8	1/8	1		3	81	A5	5	30
3	3	9	0.5	1/4	1/4	4/4	1	1	1/8	1/8	1		1	79	G5	5	31
3	3	19/2	0.5	3/8	3/8	4/4	1	1	1/8	1/8	1		6	78	F#5	5	32
3	3	10	2.0	1/2	1/2	4/4	3	1	1/2	1/2	1	-1	4	64	E4	4	43
3	3	10	0.5	1/2	1/2	4/4	2	1	1/8	1/8	1		7	73	C#5	5	38
3	3	10	0.5	1/2	1/2	4/4	1	1	1/8	1/8	1		4	76	E5	5	33
3	3	21/2	0.5	5/8	5/8	4/4	2	1	1/8	1/8	1		2	74	D5	5	39
3	3	21/2	0.5	5/8	5/8	4/4	1	1	1/8	1/8	1		3	81	A5	5	34
3	3	11	0.5	3/4	3/4	4/4	2	1	1/8	1/8	1		5	71	B4	4	40
3	3	11	0.5	3/4	3/4	4/4	1	1	1/8	1/8	1		1	79	G5	5	35
3	3	23/2	0.5	7/8	7/8	4/4	2	1	1/8	1/8	1		7	73	C#5	5	41
3	3	23/2	0.5	7/8	7/8	4/4	1	1	1/8	1/8	1		3	81	A5	5	36
4	4	12	3.0	0	0	4/4	3	1	3/4	1/2	3/2		2	62	D4	4	51
4	4	12	2.0	0	0	4/4	2	1	1/2	1/2	1		2	74	D5	5	49
4	4	12	0.5	0	0	4/4	1	1	1/8	1/8	1		6	78	F#5	5	44
4	4	25/2	0.5	1/8	1/8	4/4	1	1	1/8	1/8	1		1	79	G5	5	45
4	4	13	0.5	1/4	1/4	4/4	1	1	1/8	1/8	1		6	78	F#5	5	46
4	4	27/2	0.5	3/8	3/8	4/4	1	1	1/8	1/8	1		4	76	E5	5	47
4	4	14	1.0	1/2	1/2	4/4	2	1	1/4	1/4	1		2	62	D4	4	50
4	4	14	1.0	1/2	1/2	4/4	1	1	1/4	1/4	1		2	74	D5	5	48
5	5	16	0.5	0	0	4/4	3	1	1/8	1/8	1		2	50	D3	3	54
5	5	16	4.0	0	0	4/4	2	1	1	1	1	1	2	62	D4	4	53
5	5	16	4.0	0	0	4/4	1	1	1	1	1		6	66	F#4	4	52
5	5	33/2	0.5	1/8	1/8	4/4	3	1	1/8	1/8	1		7	49	C#3	3	55
5	5	17	0.5	1/4	1/4	4/4	3	1	1/8	1/8	1		2	50	D3	3	56
5	5	35/2	0.5	3/8	3/8	4/4	3	1	1/8	1/8	1		4	52	E3	3	57
5	5	18	0.5	1/2	1/2	4/4	3	1	1/8	1/8	1		2	50	D3	3	58
5	5	37/2	0.5	5/8	5/8	4/4	3	1	1/8	1/8	1		4	52	E3	3	59
5	5	19	0.5	3/4	3/4	4/4	3	1	1/8	1/8	1		6	54	F#3	3	60
5	5	39/2	0.5	7/8	7/8	4/4	3	1	1/8	1/8	1		1	55	G3	3	61
6	6	20	0.5	0	0	4/4	3	1	1/8	1/8	1		3	57	A3	3	66
6	6	20	2.0	0	0	4/4	2	1	1/2	1/2	1	-1	2	62	D4	4	64
6	6	20	2.0	0	0	4/4	1	1	1/2	1/2	1		4	64	E4	4	62
6	6	41/2	0.5	1/8	1/8	4/4	3	1	1/8	1/8	1		8	44	G#2	2	67
6	6	21	0.5	1/4	1/4	4/4	3	1	1/8	1/8	1		3	45	A2	2	68
6	6	43/2	0.5	3/8	3/8	4/4	3	1	1/8	1/8	1		5	47	B2	2	69
6	6	22	0.5	1/2	1/2	4/4	3	1	1/8	1/8	1		7	49	C#3	3	70
6	6	22	2.0	1/2	1/2	4/4	2	1	1/2	1/2	1		7	61	C#4	4	65
6	6	22	2.0	1/2	1/2	4/4	1	1	1/2	1/2	1	1	3	69	A4	4	63
6	6	45/2	0.5	5/8	5/8	4/4	3	1	1/8	1/8	1		2	50	D3	3	71
6	6	23	0.5	3/4	3/4	4/4	3	1	1/8	1/8	1		7	49	C#3	3	72
6	6	47/2	0.5	7/8	7/8	4/4	3	1	1/8	1/8	1		2	50	D3	3	73
7	7	24	0.5	0	0	4/4	3	1	1/8	1/8	1		4	52	E3	3	78
7	7	24	2.0	0	0	4/4	2	1	1/2	1/2	1		5	59	B3	3	76
7	7	24	2.0	0	0	4/4	1	1	1/2	1/2	1	-1	3	69	A4	4	74
7	7	49/2	0.5	1/8	1/8	4/4	3	1	1/8	1/8	1		2	50	D3	3	79
7	7	25	0.5	1/4	1/4	4/4	3	1	1/8	1/8	1		4	52	E3	3	80
7	7	51/2	0.5	3/8	3/8	4/4	3	1	1/8	1/8	1		6	54	F#3	3	81
7	7	26	0.5	1/2	1/2	4/4	3	1	1/8	1/8	1		4	52	E3	3	82
7	7	26	2.0	1/2	1/2	4/4	1	1	1/2	1/2	1		8	68	G#4	4	75
7	7	26	2.0	1/2	1/2	4/4	2	1	1/2	1/2	1	1	5	71	B4	4	77
7	7	53/2	0.5	5/8	5/8	4/4	3	1	1/8	1/8	1		2	50	D3	3	83
7	7	27	0.5	3/4	3/4	4/4	3	1	1/8	1/8	1		4	52	E3	3	84
7	7	55/2	0.5	7/8	7/8	4/4	3	1	1/8	1/8	1		4	40	E2	2	85
8	8	28	0.5	0	0	4/4	3	1	1/8	1/8	1		3	57	A3	3	90
8	8	28	2.0	0	0	4/4	2	1	1/2	1/2	1	-1	5	71	B4	4	88
8	8	28	2.0	0	0	4/4	1	1	1/2	1/2	1		7	73	C#5	5	86
8	8	57/2	0.5	1/8	1/8	4/4	3	1	1/8	1/8	1		8	56	G#3	3	91
8	8	29	0.5	1/4	1/4	4/4	3	1	1/8	1/8	1		3	57	A3	3	92
8	8	59/2	0.5	3/8	3/8	4/4	3	1	1/8	1/8	1		5	59	B3	3	93
8	8	30	0.5	1/2	1/2	4/4	3	1	1/8	1/8	1		7	61	C#4	4	94
8	8	30	2.0	1/2	1/2	4/4	2	1	1/2	1/2	1		3	69	A4	4	89
8	8	30	2.0	1/2	1/2	4/4	1	1	1/2	1/2	1	1	4	76	E5	5	87
8	8	61/2	0.5	5/8	5/8	4/4	3	1	1/8	1/8	1		5	59	B3	3	95
8	8	31	0.5	3/4	3/4	4/4	3	1	1/8	1/8	1		7	61	C#4	4	96
8	8	63/2	0.5	7/8	7/8	4/4	3	1	1/8	1/8	1		3	57	A3	3	97
9	9	32	0.5	0	0	4/4	3	1	1/8	1/8	1		2	62	D4	4	101
9	9	32	2.0	0	0	4/4	1	1	1/2	1/2	1	-1	4	76	E5	5	98
9	9	32	4.0	0	0	4/4	2	1	1	1	1		6	78	F#5	5	100
9	9	65/2	0.5	1/8	1/8	4/4	3	1	1/8	1/8	1		4	64	E4	4	102
9	9	33	0.5	1/4	1/4	4/4	3	1	1/8	1/8	1		2	62	D4	4	103
9	9	67/2	0.5	3/8	3/8	4/4	3	1	1/8	1/8	1		7	61	C#4	4	104
9	9	34	0.5	1/2	1/2	4/4	3	1	1/8	1/8	1		5	59	B3	3	105
9	9	34	2.0	1/2	1/2	4/4	1	1	1/2	1/2	1	1	2	74	D5	5	99
9	9	69/2	0.5	5/8	5/8	4/4	3	1	1/8	1/8	1		7	61	C#4	4	106
9	9	35	0.5	3/4	3/4	4/4	3	1	1/8	1/8	1		2	62	D4	4	107
9	9	71/2	0.5	7/8	7/8	4/4	3	1	1/8	1/8	1		5	59	B3	3	108
10	10	36	0.5	0	0	4/4	3	1	1/8	1/8	1		4	64	E4	4	113
10	10	36	2.0	0	0	4/4	2	1	1/2	1/2	1		8	68	G#4	4	111
10	10	36	2.0	0	0	4/4	1	1	1/2	1/2	1	-1	2	74	D5	5	109
10	10	73/2	0.5	1/8	1/8	4/4	3	1	1/8	1/8	1		2	62	D4	4	114
10	10	37	0.5	1/4	1/4	4/4	3	1	1/8	1/8	1		7	61	C#4	4	115
10	10	75/2	0.5	3/8	3/8	4/4	3	1	1/8	1/8	1		5	59	B3	3	116
10	10	38	0.5	1/2	1/2	4/4	3	1	1/8	1/8	1		3	57	A3	3	117
10	10	38	2.0	1/2	1/2	4/4	2	1	1/2	1/2	1	1	3	69	A4	4	112
10	10	38	2.0	1/2	1/2	4/4	1	1	1/2	1/2	1		7	73	C#5	5	110
10	10	77/2	0.5	5/8	5/8	4/4	3	1	1/8	1/8	1		1	55	G3	3	118
10	10	39	0.5	3/4	3/4	4/4	3	1	1/8	1/8	1		6	54	F#3	3	119
10	10	79/2	0.5	7/8	7/8	4/4	3	1	1/8	1/8	1		4	52	E3	3	120
11	11	40	0.5	0	0	4/4	3	1	1/8	1/8	1		2	50	D3	3	125
11	11	40	2.0	0	0	4/4	2	1	1/2	1/2	1	-1	3	69	A4	4	123
11	11	40	2.0	0	0	4/4	1	1	1/2	1/2	1	1	5	71	B4	4	121
11	11	81/2	0.5	1/8	1/8	4/4	3	1	1/8	1/8	1		4	52	E3	3	126
11	11	41	0.5	1/4	1/4	4/4	3	1	1/8	1/8	1		6	54	F#3	3	127
11	11	83/2	0.5	3/8	3/8	4/4	3	1	1/8	1/8	1		2	50	D3	3	128
11	11	42	1.0	1/2	1/2	4/4	3	1	1/4	1/4	1		4	52	E3	3	129
11	11	42	2.0	1/2	1/2	4/4	2	1	1/2	1/2	1		8	68	G#4	4	124
11	11	42	2.0	1/2	1/2	4/4	1	1	1/2	1/2	1	-1	5	71	B4	4	122
11	11	43	1.0	3/4	3/4	4/4	3	1	1/4	1/4	1		4	40	E2	2	130
12	12	44	2.0	0	0	4/4	3	1	1/2	1/2	1		3	45	A2	2	140
12	12	44	0.5	0	0	4/4	1	1	1/8	1/8	1		3	69	A4	4	131
12	12	44	2.0	0	0	4/4	2	1	1/2	1/2	1		3	69	A4	4	139
12	12	89/2	0.5	1/8	1/8	4/4	1	1	1/8	1/8	1		5	71	B4	4	132
12	12	45	0.5	1/4	1/4	4/4	1	1	1/8	1/8	1		7	73	C#5	5	133
12	12	91/2	0.5	3/8	3/8	4/4	1	1	1/8	1/8	1		2	74	D5	5	134
12	12	46	0.5	1/2	1/2	4/4	1	1	1/8	1/8	1		4	76	E5	5	135
12	12	93/2	0.5	5/8	5/8	4/4	1	1	1/8	1/8	1		6	78	F#5	5	136
12	12	47	0.5	3/4	3/4	4/4	1	1	1/8	1/8	1		4	76	E5	5	137
12	12	95/2	0.5	7/8	7/8	4/4	1	1	1/8	1/8	1		6	78	F#5	5	138
13	13	48	0.5	0	0	4/4	2	1	1/8	1/8	1		4	64	E4	4	143
13	13	48	2.0	0	0	4/4	1	1	1/2	1/2	1	1	1	79	G5	5	141
13	13	97/2	0.5	1/8	1/8	4/4	2	1	1/8	1/8	1		6	66	F#4	4	144
13	13	49	0.5	1/4	1/4	4/4	2	1	1/8	1/8	1		1	67	G4	4	145
13	13	99/2	0.5	3/8	3/8	4/4	2	1	1/8	1/8	1		3	69	A4	4	146
13	13	50	0.5	1/2	1/2	4/4	2	1	1/8	1/8	1		5	71	B4	4	147
13	13	50	2.0	1/2	1/2	4/4	1	1	1/2	1/2	1	-1	1	79	G5	5	142
13	13	101/2	0.5	5/8	5/8	4/4	2	1	1/8	1/8	1		7	73	C#5	5	148
13	13	51	0.5	3/4	3/4	4/4	2	1	1/8	1/8	1		5	71	B4	4	149
13	13	103/2	0.5	7/8	7/8	4/4	2	1	1/8	1/8	1		7	73	C#5	5	150
14	14	52	0.5	0	0	4/4	3	1	1/8	1/8	1		2	62	D4	4	154
14	14	52	2.0	0	0	4/4	2	1	1/2	1/2	1		2	74	D5	5	153
14	14	52	2.0	0	0	4/4	1	1	1/2	1/2	1		6	78	F#5	5	151
14	14	105/2	0.5	1/8	1/8	4/4	3	1	1/8	1/8	1		4	64	E4	4	155
14	14	53	0.5	1/4	1/4	4/4	3	1	1/8	1/8	1		2	62	D4	4	156
14	14	107/2	0.5	3/8	3/8	4/4	3	1	1/8	1/8	1		4	64	E4	4	157
14	14	54	0.5	1/2	1/2	4/4	3	1	1/8	1/8	1		6	66	F#4	4	158
14	14	54	2.0	1/2	1/2	4/4	1	1	1/2	1/2	1	1	2	86	D6	6	152
14	14	109/2	0.5	5/8	5/8	4/4	3	1	1/8	1/8	1		1	67	G4	4	159
14	14	55	0.5	3/4	3/4	4/4	3	1	1/8	1/8	1		6	66	F#4	4	160
14	14	111/2	0.5	7/8	7/8	4/4	3	1	1/8	1/8	1		1	67	G4	4	161
15	15	56	0.5	0	0	4/4	3	1	1/8	1/8	1		3	57	A3	3	166
15	15	56	2.0	0	0	4/4	2	1	1/2	1/2	1	1	4	76	E5	5	164
15	15	56	2.0	0	0	4/4	1	1	1/2	1/2	1	-1	2	86	D6	6	162
15	15	113/2	0.5	1/8	1/8	4/4	3	1	1/8	1/8	1		8	56	G#3	3	167
15	15	57	0.5	1/4	1/4	4/4	3	1	1/8	1/8	1		3	57	A3	3	168
15	15	115/2	0.5	3/8	3/8	4/4	3	1	1/8	1/8	1		5	59	B3	3	169
15	15	58	0.5	1/2	1/2	4/4	3	1	1/8	1/8	1		10	58	A#3	3	170
15	15	58	2.0	1/2	1/2	4/4	2	1	1/2	1/2	1	-1	4	76	E5	5	165
15	15	58	2.0	1/2	1/2	4/4	1	1	1/2	1/2	1	1	7	85	C#6	6	163
15	15	117/2	0.5	5/8	5/8	4/4	3	1	1/8	1/8	1		5	59	B3	3	171
15	15	59	0.5	3/4	3/4	4/4	3	1	1/8	1/8	1		7	61	C#4	4	172
15	15	119/2	0.5	7/8	7/8	4/4	3	1	1/8	1/8	1		10	58	A#3	3	173
16	16	60	0.5	0	0	4/4	3	1	1/8	1/8	1		5	47	B2	2	178
16	16	60	2.0	0	0	4/4	2	1	1/2	1/2	1	1	2	74	D5	5	176
16	16	60	2.0	0	0	4/4	1	1	1/2	1/2	1	-1	7	85	C#6	6	174
16	16	121/2	0.5	1/8	1/8	4/4	3	1	1/8	1/8	1		10	46	A#2	2	179
16	16	61	0.5	1/4	1/4	4/4	3	1	1/8	1/8	1		5	47	B2	2	180
16	16	123/2	0.5	3/8	3/8	4/4	3	1	1/8	1/8	1		7	49	C#3	3	181
16	16	62	0.5	1/2	1/2	4/4	3	1	1/8	1/8	1		2	50	D3	3	182
16	16	62	2.0	1/2	1/2	4/4	2	1	1/2	1/2	1	-1	2	74	D5	5	177
16	16	62	2.0	1/2	1/2	4/4	1	1	1/2	1/2	1		5	83	B5	5	175
16	16	125/2	0.5	5/8	5/8	4/4	3	1	1/8	1/8	1		4	52	E3	3	183
16	16	63	0.5	3/4	3/4	4/4	3	1	1/8	1/8	1		2	50	D3	3	184
16	16	127/2	0.5	7/8	7/8	4/4	3	1	1/8	1/8	1		4	52	E3	3	185
17	17	64	0.5	0	0	4/4	3	1	1/8	1/8	1		6	54	F#3	3	189
17	17	64	2.0	0	0	4/4	2	1	1/2	1/2	1		7	73	C#5	5	187
17	17	64	2.0	0	0	4/4	1	1	1/2	1/2	1		10	82	A#5	5	186
17	17	129/2	0.5	1/8	1/8	4/4	3	1	1/8	1/8	1		1	55	G3	3	190
17	17	65	0.5	1/4	1/4	4/4	3	1	1/8	1/8	1		6	54	F#3	3	191
17	17	131/2	0.5	3/8	3/8	4/4	3	1	1/8	1/8	1		4	52	E3	3	192
17	17	66	0.5	1/2	1/2	4/4	3	1	1/8	1/8	1		2	50	D3	3	193
17	17	66	2.0	1/2	1/2	4/4	2	1	1/2	1/2	1	1	6	78	F#5	5	188
17	17	133/2	0.5	5/8	5/8	4/4	3	1	1/8	1/8	1		4	52	E3	3	194
17	17	67	0.5	3/4	3/4	4/4	3	1	1/8	1/8	1		6	54	F#3	3	195
17	17	135/2	0.5	7/8	7/8	4/4	3	1	1/8	1/8	1		2	50	D3	3	196
18	18	68	0.5	0	0	4/4	3	1	1/8	1/8	1		4	52	E3	3	201
18	18	68	2.0	0	0	4/4	1	1	1/2	1/2	1		8	68	G#4	4	197
18	18	68	2.0	0	0	4/4	2	1	1/2	1/2	1	-1	6	78	F#5	5	199
18	18	137/2	0.5	1/8	1/8	4/4	3	1	1/8	1/8	1		6	66	F#4	4	202
18	18	69	0.5	1/4	1/4	4/4	3	1	1/8	1/8	1		4	64	E4	4	203
18	18	139/2	0.5	3/8	3/8	4/4	3	1	1/8	1/8	1		2	62	D4	4	204
18	18	70	0.5	1/2	1/2	4/4	3	1	1/8	1/8	1		7	61	C#4	4	205
18	18	70	2.0	1/2	1/2	4/4	2	1	1/2	1/2	1	1	4	76	E5	5	200
18	18	70	2.0	1/2	1/2	4/4	1	1	1/2	1/2	1		8	80	G#5	5	198
18	18	141/2	0.5	5/8	5/8	4/4	3	1	1/8	1/8	1		5	59	B3	3	206
18	18	71	0.5	3/4	3/4	4/4	3	1	1/8	1/8	1		10	58	A#3	3	207
18	18	143/2	0.5	7/8	7/8	4/4	3	1	1/8	1/8	1		8	56	G#3	3	208
19	19	72	0.5	0	0	4/4	3	1	1/8	1/8	1		6	54	F#3	3	215
19	19	72	2.0	0	0	4/4	2	1	1/2	1/2	1	-1	4	76	E5	5	213
19	19	72	1.0	0	0	4/4	1	1	1/4	1/4	1		10	82	A#5	5	209
19	19	145/2	0.5	1/8	1/8	4/4	3	1	1/8	1/8	1		4	52	E3	3	216
19	19	73	0.5	1/4	1/4	4/4	3	1	1/8	1/8	1		2	50	D3	3	217
19	19	73	1.0	1/4	1/4	4/4	1	1	1/4	1/4	1		6	78	F#5	5	210
19	19	147/2	0.5	3/8	3/8	4/4	3	1	1/8	1/8	1		7	49	C#3	3	218
19	19	74	0.5	1/2	1/2	4/4	3	1	1/8	1/8	1		5	47	B2	2	219
19	19	74	2.0	1/2	1/2	4/4	2	1	1/2	1/2	1	1	2	74	D5	5	214
19	19	74	1.5	1/2	1/2	4/4	1	1	3/8	1/4	3/2		5	83	B5	5	211
19	19	149/2	0.5	5/8	5/8	4/4	3	1	1/8	1/8	1		3	45	A2	2	220
19	19	75	0.5	3/4	3/4	4/4	3	1	1/8	1/8	1		1	43	G2	2	221
19	19	151/2	0.5	7/8	7/8	4/4	3	1	1/8	1/8	1		6	42	F#2	2	222
19	19	151/2	0.5	7/8	7/8	4/4	1	1	1/8	1/8	1		3	81	A5	5	212
20	20	76	0.5	0	0	4/4	3	1	1/8	1/8	1		4	40	E2	2	234
20	20	76	1.0	0	0	4/4	2	1	1/4	1/4	1	-1	2	74	D5	5	231
20	20	76	0.5	0	0	4/4	1	1	1/8	1/8	1		1	79	G5	5	223
20	20	153/2	0.5	1/8	1/8	4/4	3	1	1/8	1/8	1		6	42	F#2	2	235
20	20	153/2	0.5	1/8	1/8	4/4	1	1	1/8	1/8	1		6	78	F#5	5	224
20	20	77	0.5	1/4	1/4	4/4	3	1	1/8	1/8	1		1	43	G2	2	236
20	20	77	0.5	1/4	1/4	4/4	1	1	1/8	1/8	1		4	76	E5	5	225
20	20	77	2.0	1/4	1/4	4/4	2	1	1/2	1/2	1		5	83	B5	5	232
20	20	155/2	0.5	3/8	3/8	4/4	3	1	1/8	1/8	1		4	40	E2	2	237
20	20	155/2	0.5	3/8	3/8	4/4	1	1	1/8	1/8	1		2	74	D5	5	226
20	20	78	1.0	1/2	1/2	4/4	3	1	1/4	1/4	1		6	42	F#2	2	238
20	20	78	0.5	1/2	1/2	4/4	1	1	1/8	1/8	1		7	73	C#5	5	227
20	20	157/2	0.5	5/8	5/8	4/4	1	1	1/8	1/8	1		6	78	F#5	5	228
20	20	79	1.0	3/4	3/4	4/4	3	1	1/4	1/4	1		6	54	F#3	3	239
20	20	79	0.5	3/4	3/4	4/4	1	1	1/8	1/8	1		4	76	E5	5	229
20	20	79	1.0	3/4	3/4	4/4	2	1	1/4	1/4	1	1	3	81	A5	5	233
20	20	159/2	0.5	7/8	7/8	4/4	1	1	1/8	1/8	1		6	78	F#5	5	230
21	21	80	0.5	0	0	4/4	3	1	1/8	1/8	1		1	55	G3	3	245
21	21	80	1.0	0	0	4/4	1	1	1/4	1/4	1		9	75	D#5	5	240
21	21	80	2.0	0	0	4/4	2	1	1/2	1/2	1	-1	3	81	A5	5	243
21	21	161/2	0.5	1/8	1/8	4/4	3	1	1/8	1/8	1		3	57	A3	3	246
21	21	81	0.5	1/4	1/4	4/4	3	1	1/8	1/8	1		1	55	G3	3	247
21	21	81	1.0	1/4	1/4	4/4	1	1	1/4	1/4	1		5	71	B4	4	241
21	21	163/2	0.5	3/8	3/8	4/4	3	1	1/8	1/8	1		6	54	F#3	3	248
21	21	82	0.5	1/2	1/2	4/4	3	1	1/8	1/8	1		4	52	E3	3	249
21	21	82	2.0	1/2	1/2	4/4	2	1	1/2	1/2	1		1	79	G5	5	244
21	21	82	2.0	1/2	1/2	4/4	1	1	1/2	1/2	1	1	5	83	B5	5	242
21	21	165/2	0.5	5/8	5/8	4/4	3	1	1/8	1/8	1		2	50	D3	3	250
21	21	83	0.5	3/4	3/4	4/4	3	1	1/8	1/8	1		0	48	C3	3	251
21	21	167/2	0.5	7/8	7/8	4/4	3	1	1/8	1/8	1		5	47	B2	2	252
22	22	84	0.5	0	0	4/4	3	1	1/8	1/8	1		3	45	A2	2	256
22	22	84	2.0	0	0	4/4	1	1	1/2	1/2	1	-1	5	83	B5	5	253
22	22	84	4.0	0	0	4/4	2	1	1	1	1		0	84	C6	6	255
22	22	169/2	0.5	1/8	1/8	4/4	3	1	1/8	1/8	1		8	56	G#3	3	257
22	22	85	0.5	1/4	1/4	4/4	3	1	1/8	1/8	1		3	57	A3	3	258
22	22	171/2	0.5	3/8	3/8	4/4	3	1	1/8	1/8	1		5	59	B3	3	259
22	22	86	0.5	1/2	1/2	4/4	3	1	1/8	1/8	1		0	60	C4	4	260
22	22	86	2.0	1/2	1/2	4/4	1	1	1/2	1/2	1	1	3	81	A5	5	254
22	22	173/2	0.5	5/8	5/8	4/4	3	1	1/8	1/8	1		5	59	B3	3	261
22	22	87	0.5	3/4	3/4	4/4	3	1	1/8	1/8	1		0	60	C4	4	262
22	22	175/2	0.5	7/8	7/8	4/4	3	1	1/8	1/8	1		3	57	A3	3	263
23	23	88	0.5	0	0	4/4	3	1	1/8	1/8	1		5	59	B3	3	268
23	23	88	2.0	0	0	4/4	2	1	1/2	1/2	1		9	75	D#5	5	266
23	23	88	2.0	0	0	4/4	1	1	1/2	1/2	1	-1	3	81	A5	5	264
23	23	177/2	0.5	1/8	1/8	4/4	3	1	1/8	1/8	1		3	57	A3	3	269
23	23	89	0.5	1/4	1/4	4/4	3	1	1/8	1/8	1		1	55	G3	3	270
23	23	179/2	0.5	3/8	3/8	4/4	3	1	1/8	1/8	1		6	54	F#3	3	271
23	23	90	0.5	1/2	1/2	4/4	3	1	1/8	1/8	1		4	52	E3	3	272
23	23	90	2.0	1/2	1/2	4/4	2	1	1/2	1/2	1	1	4	76	E5	5	267
23	23	90	2.0	1/2	1/2	4/4	1	1	1/2	1/2	1	1	1	79	G5	5	265
23	23	181/2	0.5	5/8	5/8	4/4	3	1	1/8	1/8	1		2	50	D3	3	273
23	23	91	0.5	3/4	3/4	4/4	3	1	1/8	1/8	1		0	48	C3	3	274
23	23	183/2	0.5	7/8	7/8	4/4	3	1	1/8	1/8	1		5	47	B2	2	275
24	24	92	0.5	0	0	4/4	3	1	1/8	1/8	1		3	45	A2	2	283
24	24	92	2.0	0	0	4/4	2	1	1/2	1/2	1	-1	4	76	E5	5	280
24	24	92	1.5	0	0	4/4	1	1	3/8	1/4	3/2	-1	1	79	G5	5	276
24	24	185/2	0.5	1/8	1/8	4/4	3	1	1/8	1/8	1		5	47	B2	2	284
24	24	93	0.5	1/4	1/4	4/4	3	1	1/8	1/8	1		0	48	C3	3	285
24	24	187/2	0.5	3/8	3/8	4/4	3	1	1/8	1/8	1		3	45	A2	2	286
24	24	187/2	0.5	3/8	3/8	4/4	1	1	1/8	1/8	1		6	78	F#5	5	277
24	24	94	2.0	1/2	1/2	4/4	3	1	1/2	1/2	1		5	47	B2	2	287
24	24	94	1.5	1/2	1/2	4/4	2	1	3/8	1/4	3/2		9	75	D#5	5	281
24	24	94	1.5	1/2	1/2	4/4	1	1	3/8	1/4	3/2		6	78	F#5	5	278
24	24	191/2	0.5	7/8	7/8	4/4	1	1	1/8	1/8	1		4	76	E5	5	279
24	24	191/2	0.5	7/8	7/8	4/4	2	1	1/8	1/8	1		4	76	E5	5	282
25	25	96	2.0	0	0	4/4	3	1	1/2	1/2	1		4	40	E2	2	298
25	25	96	0.5	0	0	4/4	1	1	1/8	1/8	1		4	76	E5	5	288
25	25	96	2.0	0	0	4/4	2	1	1/2	1/2	1	1	4	76	E5	5	293
25	25	193/2	0.5	1/8	1/8	4/4	1	1	1/8	1/8	1		9	75	D#5	5	289
25	25	97	0.5	1/4	1/4	4/4	1	1	1/8	1/8	1		4	76	E5	5	290
25	25	195/2	0.5	3/8	3/8	4/4	1	1	1/8	1/8	1		6	78	F#5	5	291
25	25	98	2.0	1/2	1/2	4/4	3	1	1/2	1/2	1		4	64	E4	4	299
25	25	98	0.5	1/2	1/2	4/4	2	1	1/8	1/8	1	-1	4	76	E5	5	294
25	25	98	2.0	1/2	1/2	4/4	1	1	1/2	1/2	1	1	1	79	G5	5	292
25	25	197/2	0.5	5/8	5/8	4/4	2	1	1/8	1/8	1		4	76	E5	5	295
25	25	99	0.5	3/4	3/4	4/4	2	1	1/8	1/8	1		6	78	F#5	5	296
25	25	199/2	0.5	7/8	7/8	4/4	2	1	1/8	1/8	1		1	79	G5	5	297
26	26	100	2.0	0	0	4/4	3	1	1/2	1/2	1		7	61	C#4	4	310
26	26	100	0.5	0	0	4/4	1	1	1/8	1/8	1	-1	1	79	G5	5	300
26	26	100	2.0	0	0	4/4	2	1	1/2	1/2	1	1	3	81	A5	5	305
26	26	201/2	0.5	1/8	1/8	4/4	1	1	1/8	1/8	1		6	78	F#5	5	301
26	26	101	0.5	1/4	1/4	4/4	1	1	1/8	1/8	1		4	76	E5	5	302
26	26	203/2	0.5	3/8	3/8	4/4	1	1	1/8	1/8	1		1	79	G5	5	303
26	26	102	2.0	1/2	1/2	4/4	3	1	1/2	1/2	1		2	62	D4	4	311
26	26	102	2.0	1/2	1/2	4/4	1	1	1/2	1/2	1	1	6	78	F#5	5	304
26	26	102	0.5	1/2	1/2	4/4	2	1	1/8	1/8	1	-1	3	81	A5	5	306
26	26	205/2	0.5	5/8	5/8	4/4	2	1	1/8	1/8	1		1	79	G5	5	307
26	26	103	0.5	3/4	3/4	4/4	2	1	1/8	1/8	1		6	78	F#5	5	308
26	26	207/2	0.5	7/8	7/8	4/4	2	1	1/8	1/8	1		3	81	A5	5	309
27	27	104	2.0	0	0	4/4	3	1	1/2	1/2	1		5	59	B3	3	322
27	27	104	0.5	0	0	4/4	1	1	1/8	1/8	1	-1	6	78	F#5	5	312
27	27	104	2.0	0	0	4/4	2	1	1/2	1/2	1	1	1	79	G5	5	317
27	27	209/2	0.5	1/8	1/8	4/4	1	1	1/8	1/8	1		4	76	E5	5	313
27	27	105	0.5	1/4	1/4	4/4	1	1	1/8	1/8	1		2	74	D5	5	314
27	27	211/2	0.5	3/8	3/8	4/4	1	1	1/8	1/8	1		6	78	F#5	5	315
27	27	106	2.0	1/2	1/2	4/4	3	1	1/2	1/2	1		7	61	C#4	4	323
27	27	106	2.0	1/2	1/2	4/4	1	1	1/2	1/2	1	1	4	76	E5	5	316
27	27	106	0.5	1/2	1/2	4/4	2	1	1/8	1/8	1	-1	1	79	G5	5	318
27	27	213/2	0.5	5/8	5/8	4/4	2	1	1/8	1/8	1		6	78	F#5	5	319
27	27	107	0.5	3/4	3/4	4/4	2	1	1/8	1/8	1		4	76	E5	5	320
27	27	215/2	0.5	7/8	7/8	4/4	2	1	1/8	1/8	1		1	79	G5	5	321
28	28	108	2.0	0	0	4/4	3	1	1/2	1/2	1		2	62	D4	4	334
28	28	108	0.5	0	0	4/4	1	1	1/8	1/8	1	-1	4	76	E5	5	324
28	28	108	2.0	0	0	4/4	2	1	1/2	1/2	1	1	6	78	F#5	5	329
28	28	217/2	0.5	1/8	1/8	4/4	1	1	1/8	1/8	1		2	74	D5	5	325
28	28	109	0.5	1/4	1/4	4/4	1	1	1/8	1/8	1		7	73	C#5	5	326
28	28	219/2	0.5	3/8	3/8	4/4	1	1	1/8	1/8	1		4	76	E5	5	327
28	28	110	2.0	1/2	1/2	4/4	3	1	1/2	1/2	1		2	50	D3	3	335
28	28	110	2.0	1/2	1/2	4/4	1	1	1/2	1/2	1	1	2	74	D5	5	328
28	28	110	0.5	1/2	1/2	4/4	2	1	1/8	1/8	1	-1	6	78	F#5	5	330
28	28	221/2	0.5	5/8	5/8	4/4	2	1	1/8	1/8	1		3	81	A5	5	331
28	28	111	0.5	3/4	3/4	4/4	2	1	1/8	1/8	1		1	79	G5	5	332
28	28	223/2	0.5	7/8	7/8	4/4	2	1	1/8	1/8	1		6	78	F#5	5	333
29	29	112	2.0	0	0	4/4	3	1	1/2	1/2	1		3	57	A3	3	346
29	29	112	0.5	0	0	4/4	1	1	1/8	1/8	1	-1	2	74	D5	5	336
29	29	112	1.0	0	0	4/4	2	1	1/4	1/4	1		4	76	E5	5	344
29	29	225/2	0.5	1/8	1/8	4/4	1	1	1/8	1/8	1		2	74	D5	5	337
29	29	113	0.5	1/4	1/4	4/4	1	1	1/8	1/8	1		7	73	C#5	5	338
29	29	227/2	0.5	3/8	3/8	4/4	1	1	1/8	1/8	1		5	71	B4	4	339
29	29	114	2.0	1/2	1/2	4/4	3	1	1/2	1/2	1		3	45	A2	2	347
29	29	114	0.5	1/2	1/2	4/4	1	1	1/8	1/8	1		3	69	A4	4	340
29	29	114	2.0	1/2	1/2	4/4	2	1	1/2	1/2	1	1	4	76	E5	5	345
29	29	229/2	0.5	5/8	5/8	4/4	1	1	1/8	1/8	1		1	67	G4	4	341
29	29	115	0.5	3/4	3/4	4/4	1	1	1/8	1/8	1		6	66	F#4	4	342
29	29	231/2	0.5	7/8	7/8	4/4	1	1	1/8	1/8	1		4	64	E4	4	343
30	30	116	0.5	0	0	4/4	3	1	1/8	1/8	1		2	38	D2	2	352
30	30	116	2.0	0	0	4/4	1	1	1/2	1/2	1	1	6	66	F#4	4	348
30	30	116	2.0	0	0	4/4	2	1	1/2	1/2	1	-1	4	76	E5	5	350
30	30	233/2	0.5	1/8	1/8	4/4	3	1	1/8	1/8	1		4	40	E2	2	353
30	30	117	0.5	1/4	1/4	4/4	3	1	1/8	1/8	1		2	38	D2	2	354
30	30	235/2	0.5	3/8	3/8	4/4	3	1	1/8	1/8	1		4	40	E2	2	355
30	30	118	0.5	1/2	1/2	4/4	3	1	1/8	1/8	1		6	42	F#2	2	356
30	30	118	2.0	1/2	1/2	4/4	1	1	1/2	1/2	1	-1	6	66	F#4	4	349
30	30	118	2.0	1/2	1/2	4/4	2	1	1/2	1/2	1	1	2	74	D5	5	351
30	30	237/2	0.5	5/8	5/8	4/4	3	1	1/8	1/8	1		1	43	G2	2	357
30	30	119	0.5	3/4	3/4	4/4	3	1	1/8	1/8	1		6	42	F#2	2	358
30	30	239/2	0.5	7/8	7/8	4/4	3	1	1/8	1/8	1		1	43	G2	2	359
31	31	120	0.5	0	0	4/4	3	1	1/8	1/8	1		3	45	A2	2	364
31	31	120	2.0	0	0	4/4	1	1	1/2	1/2	1		4	64	E4	4	360
31	31	120	2.0	0	0	4/4	2	1	1/2	1/2	1	-1	2	74	D5	5	362
31	31	241/2	0.5	1/8	1/8	4/4	3	1	1/8	1/8	1		5	47	B2	2	365
31	31	121	0.5	1/4	1/4	4/4	3	1	1/8	1/8	1		3	45	A2	2	366
31	31	243/2	0.5	3/8	3/8	4/4	3	1	1/8	1/8	1		5	47	B2	2	367
31	31	122	0.5	1/2	1/2	4/4	3	1	1/8	1/8	1		7	49	C#3	3	368
31	31	122	2.0	1/2	1/2	4/4	1	1	1/2	1/2	1	1	3	69	A4	4	361
31	31	122	2.0	1/2	1/2	4/4	2	1	1/2	1/2	1		7	73	C#5	5	363
31	31	245/2	0.5	5/8	5/8	4/4	3	1	1/8	1/8	1		2	50	D3	3	369
31	31	123	0.5	3/4	3/4	4/4	3	1	1/8	1/8	1		7	49	C#3	3	370
31	31	247/2	0.5	7/8	7/8	4/4	3	1	1/8	1/8	1		2	50	D3	3	371
32	32	124	0.5	0	0	4/4	3	1	1/8	1/8	1		4	52	E3	3	376
32	32	124	2.0	0	0	4/4	1	1	1/2	1/2	1	-1	3	69	A4	4	372
32	32	124	2.0	0	0	4/4	2	1	1/2	1/2	1		5	71	B4	4	374
32	32	249/2	0.5	1/8	1/8	4/4	3	1	1/8	1/8	1		6	54	F#3	3	377
32	32	125	0.5	1/4	1/4	4/4	3	1	1/8	1/8	1		1	55	G3	3	378
32	32	251/2	0.5	3/8	3/8	4/4	3	1	1/8	1/8	1		6	54	F#3	3	379
32	32	126	0.5	1/2	1/2	4/4	3	1	1/8	1/8	1		4	52	E3	3	380
32	32	126	2.0	1/2	1/2	4/4	1	1	1/2	1/2	1	1	1	67	G4	4	373
32	32	126	2.0	1/2	1/2	4/4	2	1	1/2	1/2	1		4	76	E5	5	375
32	32	253/2	0.5	5/8	5/8	4/4	3	1	1/8	1/8	1		2	50	D3	3	381
32	32	127	0.5	3/4	3/4	4/4	3	1	1/8	1/8	1		7	49	C#3	3	382
32	32	255/2	0.5	7/8	7/8	4/4	3	1	1/8	1/8	1		5	47	B2	2	383
33	33	128	0.5	0	0	4/4	3	1	1/8	1/8	1		3	45	A2	2	390
33	33	128	2.0	0	0	4/4	1	1	1/2	1/2	1	-1	1	67	G4	4	384
33	33	128	1.0	0	0	4/4	2	1	1/4	1/4	1		7	73	C#5	5	387
33	33	257/2	0.5	1/8	1/8	4/4	3	1	1/8	1/8	1		1	43	G2	2	391
33	33	129	0.5	1/4	1/4	4/4	3	1	1/8	1/8	1		6	42	F#2	2	392
33	33	129	1.0	1/4	1/4	4/4	2	1	1/4	1/4	1		3	69	A4	4	388
33	33	259/2	0.5	3/8	3/8	4/4	3	1	1/8	1/8	1		4	40	E2	2	393
33	33	130	0.5	1/2	1/2	4/4	3	1	1/8	1/8	1		2	38	D2	2	394
33	33	130	1.5	1/2	1/2	4/4	1	1	3/8	1/4	3/2		6	66	F#4	4	385
33	33	130	2.0	1/2	1/2	4/4	2	1	1/2	1/2	1	1	2	74	D5	5	389
33	33	261/2	0.5	5/8	5/8	4/4	3	1	1/8	1/8	1		4	40	E2	2	395
33	33	131	0.5	3/4	3/4	4/4	3	1	1/8	1/8	1		6	42	F#2	2	396
33	33	263/2	0.5	7/8	7/8	4/4	3	1	1/8	1/8	1		1	43	G2	2	397
33	33	263/2	0.5	7/8	7/8	4/4	1	1	1/8	1/8	1		4	64	E4	4	386
34	34	132	0.5	0	0	4/4	3	1	1/8	1/8	1		3	45	A2	2	404
34	34	132	2.0	0	0	4/4	1	1	1/2	1/2	1		6	66	F#4	4	398
34	34	132	2.0	0	0	4/4	2	1	1/2	1/2	1	-1	2	74	D5	5	401
34	34	265/2	0.5	1/8	1/8	4/4	3	1	1/8	1/8	1		1	43	G2	2	405
34	34	133	0.5	1/4	1/4	4/4	3	1	1/8	1/8	1		6	42	F#2	2	406
34	34	267/2	0.5	3/8	3/8	4/4	3	1	1/8	1/8	1		1	43	G2	2	407
34	34	134	2.0	1/2	1/2	4/4	3	1	1/2	1/2	1		3	45	A2	2	408
34	34	134	1.5	1/2	1/2	4/4	1	1	3/8	1/4	3/2		4	64	E4	4	399
34	34	134	1.5	1/2	1/2	4/4	2	1	3/8	1/4	3/2		7	73	C#5	5	402
34	34	271/2	0.5	7/8	7/8	4/4	1	1	1/8	1/8	1		2	62	D4	4	400
34	34	271/2	0.5	7/8	7/8	4/4	2	1	1/8	1/8	1		2	74	D5	5	403
35	35	136	2.0	0	0	4/4	3	1	1/2	1/2	1		2	38	D2	2	418
35	35	136	0.5	0	0	4/4	1	1	1/8	1/8	1		2	62	D4	4	409
35	35	136	2.0	0	0	4/4	2	1	1/2	1/2	1		2	74	D5	5	417
35	35	273/2	0.5	1/8	1/8	4/4	1	1	1/8	1/8	1		4	64	E4	4	410
35	35	137	0.5	1/4	1/4	4/4	1	1	1/8	1/8	1		2	62	D4	4	411
35	35	275/2	0.5	3/8	3/8	4/4	1	1	1/8	1/8	1		4	64	E4	4	412
35	35	138	0.5	1/2	1/2	4/4	1	1	1/8	1/8	1		6	66	F#4	4	413
35	35	277/2	0.5	5/8	5/8	4/4	1	1	1/8	1/8	1		1	67	G4	4	414
35	35	139	0.5	3/4	3/4	4/4	1	1	1/8	1/8	1		6	66	F#4	4	415
35	35	279/2	0.5	7/8	7/8	4/4	1	1	1/8	1/8	1		1	67	G4	4	416
36	36	140	0.5	0	0	4/4	2	1	1/8	1/8	1		3	69	A4	4	421
36	36	140	1.0	0	0	4/4	1	1	1/4	1/4	1		3	69	A4	4	419
36	36	281/2	0.5	1/8	1/8	4/4	2	1	1/8	1/8	1		5	71	B4	4	422
36	36	141	0.5	1/4	1/4	4/4	2	1	1/8	1/8	1		3	69	A4	4	423
36	36	283/2	0.5	3/8	3/8	4/4	2	1	1/8	1/8	1		5	71	B4	4	424
36	36	142	2.0	1/2	1/2	4/4	1	1	1/2	1/2	1	1	3	69	A4	4	420
36	36	142	0.5	1/2	1/2	4/4	2	1	1/8	1/8	1		7	73	C#5	5	425
36	36	285/2	0.5	5/8	5/8	4/4	2	1	1/8	1/8	1		2	74	D5	5	426
36	36	143	0.5	3/4	3/4	4/4	2	1	1/8	1/8	1		4	76	E5	5	427
36	36	287/2	0.5	7/8	7/8	4/4	2	1	1/8	1/8	1		7	73	C#5	5	428
37	37	144	4.0	0	0	4/4	3	1	1	1	1		5	59	B3	3	439
37	37	144	2.0	0	0	4/4	1	1	1/2	1/2	1	-1	3	69	A4	4	429
37	37	144	0.5	0	0	4/4	2	1	1/8	1/8	1		2	74	D5	5	431
37	37	289/2	0.5	1/8	1/8	4/4	2	1	1/8	1/8	1		4	76	E5	5	432
37	37	145	0.5	1/4	1/4	4/4	2	1	1/8	1/8	1		2	74	D5	5	433
37	37	291/2	0.5	3/8	3/8	4/4	2	1	1/8	1/8	1		7	73	C#5	5	434
37	37	146	2.0	1/2	1/2	4/4	1	1	1/2	1/2	1	1	1	67	G4	4	430
37	37	146	0.5	1/2	1/2	4/4	2	1	1/8	1/8	1		5	71	B4	4	435
37	37	293/2	0.5	5/8	5/8	4/4	2	1	1/8	1/8	1		7	73	C#5	5	436
37	37	147	0.5	3/4	3/4	4/4	2	1	1/8	1/8	1		2	74	D5	5	437
37	37	295/2	0.5	7/8	7/8	4/4	2	1	1/8	1/8	1		5	71	B4	4	438
38	38	148	4.0	0	0	4/4	3	1	1	1	1		3	57	A3	3	450
38	38	148	2.0	0	0	4/4	1	1	1/2	1/2	1	-1	1	67	G4	4	440
38	38	148	0.5	0	0	4/4	2	1	1/8	1/8	1		7	73	C#5	5	442
38	38	297/2	0.5	1/8	1/8	4/4	2	1	1/8	1/8	1		2	74	D5	5	443
38	38	149	0.5	1/4	1/4	4/4	2	1	1/8	1/8	1		5	71	B4	4	444
38	38	299/2	0.5	3/8	3/8	4/4	2	1	1/8	1/8	1		7	73	C#5	5	445
38	38	150	2.0	1/2	1/2	4/4	1	1	1/2	1/2	1	1	6	66	F#4	4	441
38	38	150	0.5	1/2	1/2	4/4	2	1	1/8	1/8	1		2	74	D5	5	446
38	38	301/2	0.5	5/8	5/8	4/4	2	1	1/8	1/8	1		4	76	E5	5	447
38	38	151	0.5	3/4	3/4	4/4	2	1	1/8	1/8	1		7	73	C#5	5	448
38	38	303/2	0.5	7/8	7/8	4/4	2	1	1/8	1/8	1		2	74	D5	5	449
39	39	152	4.0	0	0	4/4	3	1	1	1	1		1	55	G3	3	461
39	39	152	2.0	0	0	4/4	1	1	1/2	1/2	1	-1	6	66	F#4	4	451
39	39	152	0.5	0	0	4/4	2	1	1/8	1/8	1		5	71	B4	4	453
39	39	305/2	0.5	1/8	1/8	4/4	2	1	1/8	1/8	1		3	69	A4	4	454
39	39	153	0.5	1/4	1/4	4/4	2	1	1/8	1/8	1		5	71	B4	4	455
39	39	307/2	0.5	3/8	3/8	4/4	2	1	1/8	1/8	1		7	73	C#5	5	456
39	39	154	2.0	1/2	1/2	4/4	1	1	1/2	1/2	1	1	4	64	E4	4	452
39	39	154	0.5	1/2	1/2	4/4	2	1	1/8	1/8	1		5	71	B4	4	457
39	39	309/2	0.5	5/8	5/8	4/4	2	1	1/8	1/8	1		2	74	D5	5	458
39	39	155	0.5	3/4	3/4	4/4	2	1	1/8	1/8	1		7	73	C#5	5	459
39	39	311/2	0.5	7/8	7/8	4/4	2	1	1/8	1/8	1		5	71	B4	4	460
40	40	156	4.0	0	0	4/4	3	1	1	1	1		6	54	F#3	3	472
40	40	156	2.0	0	0	4/4	1	1	1/2	1/2	1	-1	4	64	E4	4	462
40	40	156	0.5	0	0	4/4	2	1	1/8	1/8	1		3	69	A4	4	464
40	40	313/2	0.5	1/8	1/8	4/4	2	1	1/8	1/8	1		5	71	B4	4	465
40	40	157	0.5	1/4	1/4	4/4	2	1	1/8	1/8	1		3	69	A4	4	466
40	40	315/2	0.5	3/8	3/8	4/4	2	1	1/8	1/8	1		1	67	G4	4	467
40	40	158	2.0	1/2	1/2	4/4	1	1	1/2	1/2	1	1	2	62	D4	4	463
40	40	158	0.5	1/2	1/2	4/4	2	1	1/8	1/8	1		6	66	F#4	4	468
40	40	317/2	0.5	5/8	5/8	4/4	2	1	1/8	1/8	1		1	67	G4	4	469
40	40	159	0.5	3/4	3/4	4/4	2	1	1/8	1/8	1		3	69	A4	4	470
40	40	319/2	0.5	7/8	7/8	4/4	2	1	1/8	1/8	1		6	66	F#4	4	471
41	41	160	2.0	0	0	4/4	3	1	1/2	1/2	1	1	4	52	E3	3	483
41	41	160	2.0	0	0	4/4	1	1	1/2	1/2	1	-1	2	62	D4	4	473
41	41	160	0.5	0	0	4/4	2	1	1/8	1/8	1		1	67	G4	4	475
41	41	321/2	0.5	1/8	1/8	4/4	2	1	1/8	1/8	1		3	69	A4	4	476
41	41	161	0.5	1/4	1/4	4/4	2	1	1/8	1/8	1		1	67	G4	4	477
41	41	323/2	0.5	3/8	3/8	4/4	2	1	1/8	1/8	1		6	66	F#4	4	478
41	41	162	2.0	1/2	1/2	4/4	3	1	1/2	1/2	1	-1	4	52	E3	3	484
41	41	162	2.0	1/2	1/2	4/4	1	1	1/2	1/2	1		7	61	C#4	4	474
41	41	162	0.5	1/2	1/2	4/4	2	1	1/8	1/8	1		4	64	E4	4	479
41	41	325/2	0.5	5/8	5/8	4/4	2	1	1/8	1/8	1		3	69	A4	4	480
41	41	163	0.5	3/4	3/4	4/4	2	1	1/8	1/8	1		1	67	G4	4	481
41	41	327/2	0.5	7/8	7/8	4/4	2	1	1/8	1/8	1		3	69	A4	4	482
42	42	164	2.0	0	0	4/4	3	1	1/2	1/2	1		2	50	D3	3	495
42	42	164	2.0	0	0	4/4	2	1	1/2	1/2	1		6	66	F#4	4	493
42	42	164	0.5	0	0	4/4	1	1	1/8	1/8	1		3	81	A5	5	485
42	42	329/2	0.5	1/8	1/8	4/4	1	1	1/8	1/8	1		5	83	B5	5	486
42	42	165	0.5	1/4	1/4	4/4	1	1	1/8	1/8	1		3	81	A5	5	487
42	42	331/2	0.5	3/8	3/8	4/4	1	1	1/8	1/8	1		1	79	G5	5	488
42	42	166	2.0	1/2	1/2	4/4	2	1	1/2	1/2	1	1	2	74	D5	5	494
42	42	166	0.5	1/2	1/2	4/4	1	1	1/8	1/8	1		6	78	F#5	5	489
42	42	333/2	0.5	5/8	5/8	4/4	1	1	1/8	1/8	1		1	79	G5	5	490
42	42	167	0.5	3/4	3/4	4/4	1	1	1/8	1/8	1		3	81	A5	5	491
42	42	335/2	0.5	7/8	7/8	4/4	1	1	1/8	1/8	1		6	78	F#5	5	492
43	43	168	4.0	0	0	4/4	3	1	1	1	1		4	64	E4	4	506
43	43	168	2.0	0	0	4/4	2	1	1/2	1/2	1	-1	2	74	D5	5	504
43	43	168	0.5	0	0	4/4	1	1	1/8	1/8	1		1	79	G5	5	496
43	43	337/2	0.5	1/8	1/8	4/4	1	1	1/8	1/8	1		6	78	F#5	5	497
43	43	169	0.5	1/4	1/4	4/4	1	1	1/8	1/8	1		1	79	G5	5	498
43	43	339/2	0.5	3/8	3/8	4/4	1	1	1/8	1/8	1		3	81	A5	5	499
43	43	170	2.0	1/2	1/2	4/4	2	1	1/2	1/2	1	1	7	73	C#5	5	505
43	43	170	0.5	1/2	1/2	4/4	1	1	1/8	1/8	1		1	79	G5	5	500
43	43	341/2	0.5	5/8	5/8	4/4	1	1	1/8	1/8	1		5	83	B5	5	501
43	43	171	0.5	3/4	3/4	4/4	1	1	1/8	1/8	1		3	81	A5	5	502
43	43	343/2	0.5	7/8	7/8	4/4	1	1	1/8	1/8	1		1	79	G5	5	503
44	44	172	4.0	0	0	4/4	3	1	1	1	1		2	62	D4	4	517
44	44	172	2.0	0	0	4/4	2	1	1/2	1/2	1	-1	7	73	C#5	5	515
44	44	172	0.5	0	0	4/4	1	1	1/8	1/8	1		6	78	F#5	5	507
44	44	345/2	0.5	1/8	1/8	4/4	1	1	1/8	1/8	1		4	76	E5	5	508
44	44	173	0.5	1/4	1/4	4/4	1	1	1/8	1/8	1		6	78	F#5	5	509
44	44	347/2	0.5	3/8	3/8	4/4	1	1	1/8	1/8	1		1	79	G5	5	510
44	44	174	2.0	1/2	1/2	4/4	2	1	1/2	1/2	1	1	5	71	B4	4	516
44	44	174	0.5	1/2	1/2	4/4	1	1	1/8	1/8	1		6	78	F#5	5	511
44	44	349/2	0.5	5/8	5/8	4/4	1	1	1/8	1/8	1		3	81	A5	5	512
44	44	175	0.5	3/4	3/4	4/4	1	1	1/8	1/8	1		1	79	G5	5	513
44	44	351/2	0.5	7/8	7/8	4/4	1	1	1/8	1/8	1		6	78	F#5	5	514
45	45	176	4.0	0	0	4/4	3	1	1	1	1		7	61	C#4	4	529
45	45	176	1.0	0	0	4/4	2	1	1/4	1/4	1	-1	5	71	B4	4	526
45	45	176	0.5	0	0	4/4	1	1	1/8	1/8	1		4	76	E5	5	518
45	45	353/2	0.5	1/8	1/8	4/4	1	1	1/8	1/8	1		2	74	D5	5	519
45	45	177	1.0	1/4	1/4	4/4	2	1	1/4	1/4	1		4	64	E4	4	527
45	45	177	0.5	1/4	1/4	4/4	1	1	1/8	1/8	1		4	76	E5	5	520
45	45	355/2	0.5	3/8	3/8	4/4	1	1	1/8	1/8	1		6	78	F#5	5	521
45	45	178	2.0	1/2	1/2	4/4	2	1	1/2	1/2	1	1	3	69	A4	4	528
45	45	178	0.5	1/2	1/2	4/4	1	1	1/8	1/8	1		4	76	E5	5	522
45	45	357/2	0.5	5/8	5/8	4/4	1	1	1/8	1/8	1		1	79	G5	5	523
45	45	179	0.5	3/4	3/4	4/4	1	1	1/8	1/8	1		6	78	F#5	5	524
45	45	359/2	0.5	7/8	7/8	4/4	1	1	1/8	1/8	1		4	76	E5	5	525
46	46	180	2.0	0	0	4/4	3	1	1/2	1/2	1	1	5	59	B3	3	540
46	46	180	2.0	0	0	4/4	2	1	1/2	1/2	1	-1	3	69	A4	4	538
46	46	180	0.5	0	0	4/4	1	1	1/8	1/8	1		2	74	D5	5	530
46	46	361/2	0.5	1/8	1/8	4/4	1	1	1/8	1/8	1		7	73	C#5	5	531
46	46	181	0.5	1/4	1/4	4/4	1	1	1/8	1/8	1		2	74	D5	5	532
46	46	363/2	0.5	3/8	3/8	4/4	1	1	1/8	1/8	1		4	76	E5	5	533
46	46	182	2.0	1/2	1/2	4/4	3	1	1/2	1/2	1	-1	5	59	B3	3	541
46	46	182	2.0	1/2	1/2	4/4	2	1	1/2	1/2	1		8	68	G#4	4	539
46	46	182	0.5	1/2	1/2	4/4	1	1	1/8	1/8	1		2	74	D5	5	534
46	46	365/2	0.5	5/8	5/8	4/4	1	1	1/8	1/8	1		6	78	F#5	5	535
46	46	183	0.5	3/4	3/4	4/4	1	1	1/8	1/8	1		4	76	E5	5	536
46	46	367/2	0.5	7/8	7/8	4/4	1	1	1/8	1/8	1		2	74	D5	5	537
47	47	184	2.0	0	0	4/4	3	1	1/2	1/2	1		3	57	A3	3	551
47	47	184	2.0	0	0	4/4	2	1	1/2	1/2	1		3	69	A4	4	550
47	47	184	0.5	0	0	4/4	1	1	1/8	1/8	1		7	73	C#5	5	542
47	47	369/2	0.5	1/8	1/8	4/4	1	1	1/8	1/8	1		5	71	B4	4	543
47	47	185	0.5	1/4	1/4	4/4	1	1	1/8	1/8	1		3	69	A4	4	544
47	47	371/2	0.5	3/8	3/8	4/4	1	1	1/8	1/8	1		5	71	B4	4	545
47	47	186	0.5	1/2	1/2	4/4	1	1	1/8	1/8	1		7	73	C#5	5	546
47	47	373/2	0.5	5/8	5/8	4/4	1	1	1/8	1/8	1		2	74	D5	5	547
47	47	187	0.5	3/4	3/4	4/4	1	1	1/8	1/8	1		7	73	C#5	5	548
47	47	375/2	0.5	7/8	7/8	4/4	1	1	1/8	1/8	1		2	74	D5	5	549
48	48	188	0.5	0	0	4/4	2	1	1/8	1/8	1		0	72	C5	5	553
48	48	188	4.0	0	0	4/4	1	1	1	1	1		4	76	E5	5	552
48	48	377/2	0.5	1/8	1/8	4/4	2	1	1/8	1/8	1		2	74	D5	5	554
48	48	189	0.5	1/4	1/4	4/4	2	1	1/8	1/8	1		0	72	C5	5	555
48	48	379/2	0.5	3/8	3/8	4/4	2	1	1/8	1/8	1		5	71	B4	4	556
48	48	190	0.5	1/2	1/2	4/4	2	1	1/8	1/8	1		3	69	A4	4	557
48	48	381/2	0.5	5/8	5/8	4/4	2	1	1/8	1/8	1		5	71	B4	4	558
48	48	191	0.5	3/4	3/4	4/4	2	1	1/8	1/8	1		0	72	C5	5	559
48	48	383/2	0.5	7/8	7/8	4/4	2	1	1/8	1/8	1		3	69	A4	4	560
49	49	192	0.5	0	0	4/4	2	1	1/8	1/8	1		5	71	B4	4	562
49	49	192	4.0	0	0	4/4	1	1	1	1	1		2	74	D5	5	561
49	49	385/2	0.5	1/8	1/8	4/4	2	1	1/8	1/8	1		0	72	C5	5	563
49	49	193	0.5	1/4	1/4	4/4	2	1	1/8	1/8	1		5	71	B4	4	564
49	49	387/2	0.5	3/8	3/8	4/4	2	1	1/8	1/8	1		3	69	A4	4	565
49	49	194	0.5	1/2	1/2	4/4	2	1	1/8	1/8	1		8	68	G#4	4	566
49	49	389/2	0.5	5/8	5/8	4/4	2	1	1/8	1/8	1		3	69	A4	4	567
49	49	195	0.5	3/4	3/4	4/4	2	1	1/8	1/8	1		5	71	B4	4	568
49	49	391/2	0.5	7/8	7/8	4/4	2	1	1/8	1/8	1		8	68	G#4	4	569
50	50	196	1.0	0	0	4/4	2	1	1/4	1/4	1		3	69	A4	4	571
50	50	196	4.0	0	0	4/4	1	1	1	1	1		0	72	C5	5	570
50	50	197	0.5	1/4	1/4	4/4	2	1	1/8	1/8	1		3	57	A3	3	572
50	50	395/2	0.5	3/8	3/8	4/4	2	1	1/8	1/8	1		5	59	B3	3	573
50	50	198	0.5	1/2	1/2	4/4	2	1	1/8	1/8	1		0	60	C4	4	574
50	50	397/2	0.5	5/8	5/8	4/4	2	1	1/8	1/8	1		2	62	D4	4	575
50	50	199	0.5	3/4	3/4	4/4	2	1	1/8	1/8	1		0	60	C4	4	576
50	50	399/2	0.5	7/8	7/8	4/4	2	1	1/8	1/8	1		2	62	D4	4	577
51	51	200	0.5	0	0	4/4	2	1	1/8	1/8	1		4	64	E4	4	579
51	51	200	2.0	0	0	4/4	1	1	1/2	1/2	1		5	71	B4	4	578
51	51	401/2	0.5	1/8	1/8	4/4	2	1	1/8	1/8	1		0	72	C5	5	580
51	51	201	0.5	1/4	1/4	4/4	2	1	1/8	1/8	1		5	71	B4	4	581
51	51	403/2	0.5	3/8	3/8	4/4	2	1	1/8	1/8	1		3	69	A4	4	582
51	51	202	0.5	1/2	1/2	4/4	2	1	1/8	1/8	1		8	68	G#4	4	583
51	51	405/2	0.5	5/8	5/8	4/4	2	1	1/8	1/8	1		6	66	F#4	4	584
51	51	203	0.5	3/4	3/4	4/4	2	1	1/8	1/8	1		4	64	E4	4	585
51	51	407/2	0.5	7/8	7/8	4/4	2	1	1/8	1/8	1		2	62	D4	4	586
52	52	204	0.5	0	0	4/4	3	1	1/8	1/8	1		3	57	A3	3	594
52	52	204	2.0	0	0	4/4	2	1	1/2	1/2	1		0	60	C4	4	589
52	52	204	2.0	0	0	4/4	1	1	1/2	1/2	1		4	64	E4	4	587
52	52	409/2	0.5	1/8	1/8	4/4	3	1	1/8	1/8	1		8	56	G#3	3	595
52	52	205	0.5	1/4	1/4	4/4	3	1	1/8	1/8	1		3	57	A3	3	596
52	52	411/2	0.5	3/8	3/8	4/4	3	1	1/8	1/8	1		5	59	B3	3	597
52	52	206	0.5	1/2	1/2	4/4	3	1	1/8	1/8	1		3	57	A3	3	598
52	52	206	2.0	1/2	1/2	4/4	1	1	1/2	1/2	1	1	-1	65	F4	4	588
52	52	206	0.5	1/2	1/2	4/4	2	1	1/8	1/8	1		0	72	C5	5	590
52	52	413/2	0.5	5/8	5/8	4/4	3	1	1/8	1/8	1		0	60	C4	4	599
52	52	413/2	0.5	5/8	5/8	4/4	2	1	1/8	1/8	1		4	76	E5	5	591
52	52	207	0.5	3/4	3/4	4/4	3	1	1/8	1/8	1		5	59	B3	3	600
52	52	207	0.5	3/4	3/4	4/4	2	1	1/8	1/8	1		2	74	D5	5	592
52	52	415/2	0.5	7/8	7/8	4/4	3	1	1/8	1/8	1		3	57	A3	3	601
52	52	415/2	0.5	7/8	7/8	4/4	2	1	1/8	1/8	1		0	72	C5	5	593
53	53	208	0.5	0	0	4/4	3	1	1/8	1/8	1		1	55	G3	3	612
53	53	208	2.0	0	0	4/4	1	1	1/2	1/2	1	-1	-1	65	F4	4	602
53	53	208	0.5	0	0	4/4	2	1	1/8	1/8	1		5	71	B4	4	604
53	53	417/2	0.5	1/8	1/8	4/4	3	1	1/8	1/8	1		-1	53	F3	3	613
53	53	417/2	0.5	1/8	1/8	4/4	2	1	1/8	1/8	1		3	69	A4	4	605
53	53	209	0.5	1/4	1/4	4/4	3	1	1/8	1/8	1		1	55	G3	3	614
53	53	209	0.5	1/4	1/4	4/4	2	1	1/8	1/8	1		5	71	B4	4	606
53	53	419/2	0.5	3/8	3/8	4/4	3	1	1/8	1/8	1		3	57	A3	3	615
53	53	419/2	0.5	3/8	3/8	4/4	2	1	1/8	1/8	1		0	72	C5	5	607
53	53	210	0.5	1/2	1/2	4/4	3	1	1/8	1/8	1		1	55	G3	3	616
53	53	210	2.0	1/2	1/2	4/4	1	1	1/2	1/2	1	1	4	64	E4	4	603
53	53	210	0.5	1/2	1/2	4/4	2	1	1/8	1/8	1		5	71	B4	4	608
53	53	421/2	0.5	5/8	5/8	4/4	3	1	1/8	1/8	1		-1	53	F3	3	617
53	53	421/2	0.5	5/8	5/8	4/4	2	1	1/8	1/8	1		2	74	D5	5	609
53	53	211	0.5	3/4	3/4	4/4	3	1	1/8	1/8	1		1	55	G3	3	618
53	53	211	0.5	3/4	3/4	4/4	2	1	1/8	1/8	1		0	72	C5	5	610
53	53	423/2	0.5	7/8	7/8	4/4	3	1	1/8	1/8	1		4	52	E3	3	619
53	53	423/2	0.5	7/8	7/8	4/4	2	1	1/8	1/8	1		5	71	B4	4	611
54	54	212	2.0	0	0	4/4	3	1	1/2	1/2	1	1	-1	53	F3	3	630
54	54	212	2.0	0	0	4/4	1	1	1/2	1/2	1	-1	4	64	E4	4	620
54	54	212	0.5	0	0	4/4	2	1	1/8	1/8	1		3	69	A4	4	622
54	54	425/2	0.5	1/8	1/8	4/4	2	1	1/8	1/8	1		8	68	G#4	4	623
54	54	213	0.5	1/4	1/4	4/4	2	1	1/8	1/8	1		3	69	A4	4	624
54	54	427/2	0.5	3/8	3/8	4/4	2	1	1/8	1/8	1		5	71	B4	4	625
54	54	214	2.0	1/2	1/2	4/4	3	1	1/2	1/2	1	-1	-1	53	F3	3	631
54	54	214	2.0	1/2	1/2	4/4	1	1	1/2	1/2	1		2	62	D4	4	621
54	54	214	0.5	1/2	1/2	4/4	2	1	1/8	1/8	1		3	69	A4	4	626
54	54	429/2	0.5	5/8	5/8	4/4	2	1	1/8	1/8	1		0	72	C5	5	627
54	54	215	0.5	3/4	3/4	4/4	2	1	1/8	1/8	1		5	71	B4	4	628
54	54	431/2	0.5	7/8	7/8	4/4	2	1	1/8	1/8	1		3	69	A4	4	629
55	55	216	2.0	0	0	4/4	3	1	1/2	1/2	1		4	52	E3	3	641
55	55	216	0.5	0	0	4/4	1	1	1/8	1/8	1		4	64	E4	4	632
55	55	216	2.0	0	0	4/4	2	1	1/2	1/2	1		8	68	G#4	4	637
55	55	433/2	0.5	1/8	1/8	4/4	1	1	1/8	1/8	1		5	71	B4	4	633
55	55	217	0.5	1/4	1/4	4/4	1	1	1/8	1/8	1		0	72	C5	5	634
55	55	435/2	0.5	3/8	3/8	4/4	1	1	1/8	1/8	1		2	74	D5	5	635
55	55	218	2.0	1/2	1/2	4/4	3	1	1/2	1/2	1		0	48	C3	3	642
55	55	218	2.0	1/2	1/2	4/4	1	1	1/2	1/2	1	1	4	76	E5	5	636
55	55	437/2	0.5	5/8	5/8	4/4	2	1	1/8	1/8	1		4	64	E4	4	638
55	55	219	0.5	3/4	3/4	4/4	2	1	1/8	1/8	1		6	66	F#4	4	639
55	55	439/2	0.5	7/8	7/8	4/4	2	1	1/8	1/8	1		1	67	G4	4	640
56	56	220	2.0	0	0	4/4	3	1	1/2	1/2	1		2	50	D3	3	652
56	56	220	2.0	0	0	4/4	2	1	1/2	1/2	1		6	66	F#4	4	648
56	56	220	0.5	0	0	4/4	1	1	1/8	1/8	1	-1	4	76	E5	5	643
56	56	441/2	0.5	1/8	1/8	4/4	1	1	1/8	1/8	1		3	69	A4	4	644
56	56	221	0.5	1/4	1/4	4/4	1	1	1/8	1/8	1		5	71	B4	4	645
56	56	443/2	0.5	3/8	3/8	4/4	1	1	1/8	1/8	1		0	72	C5	5	646
56	56	222	2.0	1/2	1/2	4/4	3	1	1/2	1/2	1		5	47	B2	2	653
56	56	222	2.0	1/2	1/2	4/4	1	1	1/2	1/2	1	1	2	74	D5	5	647
56	56	445/2	0.5	5/8	5/8	4/4	2	1	1/8	1/8	1		6	66	F#4	4	649
56	56	223	0.5	3/4	3/4	4/4	2	1	1/8	1/8	1		8	68	G#4	4	650
56	56	447/2	0.5	7/8	7/8	4/4	2	1	1/8	1/8	1		3	69	A4	4	651
57	57	224	0.5	0	0	4/4	3	1	1/8	1/8	1		4	52	E3	3	661
57	57	224	0.5	0	0	4/4	2	1	1/8	1/8	1		8	68	G#4	4	656
57	57	224	2.0	0	0	4/4	1	1	1/2	1/2	1	-1	2	74	D5	5	654
57	57	449/2	0.5	1/8	1/8	4/4	3	1	1/8	1/8	1		2	50	D3	3	662
57	57	449/2	0.5	1/8	1/8	4/4	2	1	1/8	1/8	1		4	64	E4	4	657
57	57	225	0.5	1/4	1/4	4/4	3	1	1/8	1/8	1		0	48	C3	3	663
57	57	225	0.5	1/4	1/4	4/4	2	1	1/8	1/8	1		6	66	F#4	4	658
57	57	451/2	0.5	3/8	3/8	4/4	3	1	1/8	1/8	1		5	47	B2	2	664
57	57	451/2	0.5	3/8	3/8	4/4	2	1	1/8	1/8	1		8	68	G#4	4	659
57	57	226	0.5	1/2	1/2	4/4	3	1	1/8	1/8	1		3	45	A2	2	665
57	57	226	2.0	1/2	1/2	4/4	2	1	1/2	1/2	1	1	3	69	A4	4	660
57	57	226	2.0	1/2	1/2	4/4	1	1	1/2	1/2	1	1	0	72	C5	5	655
57	57	453/2	0.5	5/8	5/8	4/4	3	1	1/8	1/8	1		1	43	G2	2	666
57	57	227	0.5	3/4	3/4	4/4	3	1	1/8	1/8	1		-1	41	F2	2	667
57	57	455/2	0.5	7/8	7/8	4/4	3	1	1/8	1/8	1		4	40	E2	2	668
58	58	228	2.0	0	0	4/4	3	1	1/2	1/2	1		2	38	D2	2	676
58	58	228	2.0	0	0	4/4	2	1	1/2	1/2	1	-1	3	69	A4	4	674
58	58	228	1.5	0	0	4/4	1	1	3/8	1/4	3/2	-1	0	72	C5	5	669
58	58	459/2	0.5	3/8	3/8	4/4	1	1	1/8	1/8	1		5	71	B4	4	670
58	58	230	2.0	1/2	1/2	4/4	3	1	1/2	1/2	1		4	40	E2	2	677
58	58	230	2.0	1/2	1/2	4/4	2	1	1/2	1/2	1		8	68	G#4	4	675
58	58	230	1.0	1/2	1/2	4/4	1	1	1/4	1/4	1		5	71	B4	4	671
58	58	231	0.75	3/4	3/4	4/4	1	1	3/16	1/8	3/2		7	73	C#5	5	672
58	58	927/4	0.25	15/16	15/16	4/4	1	1	1/16	1/16	1		2	74	D5	5	673
59	58	232	3.0	0	0	4/4	3	1	3/4	1/2	3/2		3	45	A2	2	680
59	58	232	3.0	0	0	4/4	2	1	3/4	1/2	3/2		3	69	A4	4	679
59	58	232	3.0	0	0	4/4	1	1	3/4	1/2	3/2		7	73	C#5	5	678
