mc	mn	quarterbeats	quarterbeats_all_endings	duration_qb	mc_onset	mn_onset	timesig	staff	voice	duration	nominal_duration	scalar	tied	tpc	midi	name	octave	chord_id
1	1	1/2	1/2	0.25	1/8	1/8	3/8	1	1	1/16	1/16	1		3	69	A4	4	0
1	1	3/4	3/4	0.25	3/16	3/16	3/8	1	1	1/16	1/16	1		4	76	E5	5	1
1	1	1	1	0.25	1/4	1/4	3/8	1	1	1/16	1/16	1		2	74	D5	5	2
1	1	5/4	5/4	0.25	5/16	5/16	3/8	1	1	1/16	1/16	1		4	76	E5	5	3
2	2	3/2	3/2	0.25	0	0	3/8	1	1	1/16	1/16	1		7	73	C#5	5	4
2	2	7/4	7/4	0.25	1/16	1/16	3/8	1	1	1/16	1/16	1		2	74	D5	5	5
2	2	2	2	0.25	1/8	1/8	3/8	1	1	1/16	1/16	1		4	76	E5	5	6
2	2	9/4	9/4	0.25	3/16	3/16	3/8	1	1	1/16	1/16	1		2	74	D5	5	7
2	2	5/2	5/2	0.25	1/4	1/4	3/8	1	1	1/16	1/16	1		7	73	C#5	5	8
2	2	11/4	11/4	0.25	5/16	5/16	3/8	1	1	1/16	1/16	1		5	71	B4	4	9
3	3	3	3	0.25	0	0	3/8	1	1	1/16	1/16	1		3	69	A4	4	10
3	3	13/4	13/4	0.25	1/16	1/16	3/8	1	1	1/16	1/16	1		1	67	G4	4	11
3	3	7/2	7/2	0.25	1/8	1/8	3/8	1	1	1/16	1/16	1		3	69	A4	4	12
3	3	7/2	7/2	0.25	1/8	1/8	3/8	2	1	1/16	1/16	1		4	76	E5	5	16
3	3	15/4	15/4	0.25	3/16	3/16	3/8	1	1	1/16	1/16	1		5	71	B4	4	13
3	3	15/4	15/4	0.25	3/16	3/16	3/8	2	1	1/16	1/16	1		3	81	A5	5	17
3	3	4	4	0.25	1/4	1/4	3/8	1	1	1/16	1/16	1		7	73	C#5	5	14
3	3	4	4	0.25	1/4	1/4	3/8	2	1	1/16	1/16	1		1	79	G5	5	18
3	3	17/4	17/4	0.25	5/16	5/16	3/8	1	1	1/16	1/16	1		3	69	A4	4	15
3	3	17/4	17/4	0.25	5/16	5/16	3/8	2	1	1/16	1/16	1		3	81	A5	5	19
4	4	9/2	9/2	0.25	0	0	3/8	1	1	1/16	1/16	1		2	74	D5	5	20
4	4	9/2	9/2	0.25	0	0	3/8	2	1	1/16	1/16	1		6	78	F#5	5	26
4	4	19/4	19/4	0.25	1/16	1/16	3/8	1	1	1/16	1/16	1		7	73	C#5	5	21
4	4	19/4	19/4	0.25	1/16	1/16	3/8	2	1	1/16	1/16	1		4	76	E5	5	27
4	4	5	5	0.25	1/8	1/8	3/8	1	1	1/16	1/16	1		2	74	D5	5	22
4	4	5	5	0.25	1/8	1/8	3/8	2	1	1/16	1/16	1		6	78	F#5	5	28
4	4	21/4	21/4	0.25	3/16	3/16	3/8	1	1	1/16	1/16	1		6	78	F#5	5	23
4	4	21/4	21/4	0.25	3/16	3/16	3/8	2	1	1/16	1/16	1		3	81	A5	5	29
4	4	11/2	11/2	0.25	1/4	1/4	3/8	1	1	1/16	1/16	1		4	76	E5	5	24
4	4	11/2	11/2	0.25	1/4	1/4	3/8	2	1	1/16	1/16	1		1	79	G5	5	30
4	4	23/4	23/4	0.25	5/16	5/16	3/8	1	1	1/16	1/16	1		2	74	D5	5	25
4	4	23/4	23/4	0.25	5/16	5/16	3/8	2	1	1/16	1/16	1		6	78	F#5	5	31
5	5	6	6	0.5	0	0	3/8	1	1	1/8	1/8	1		7	73	C#5	5	32
5	5	6	6	0.25	0	0	3/8	2	1	1/16	1/16	1		4	76	E5	5	37
5	5	25/4	25/4	0.25	1/16	1/16	3/8	2	1	1/16	1/16	1		2	74	D5	5	38
5	5	13/2	13/2	0.25	1/8	1/8	3/8	2	1	1/16	1/16	1		7	73	C#5	5	39
5	5	13/2	13/2	0.25	1/8	1/8	3/8	1	1	1/16	1/16	1		4	76	E5	5	33
5	5	27/4	27/4	0.25	3/16	3/16	3/8	2	1	1/16	1/16	1		5	71	B4	4	40
5	5	27/4	27/4	0.25	3/16	3/16	3/8	1	1	1/16	1/16	1		3	81	A5	5	34
5	5	7	7	0.25	1/4	1/4	3/8	2	1	1/16	1/16	1		7	73	C#5	5	41
5	5	7	7	0.25	1/4	1/4	3/8	1	1	1/16	1/16	1		1	79	G5	5	35
5	5	29/4	29/4	0.25	5/16	5/16	3/8	2	1	1/16	1/16	1		3	69	A4	4	42
5	5	29/4	29/4	0.25	5/16	5/16	3/8	1	1	1/16	1/16	1		3	81	A5	5	36
6	6	15/2	15/2	0.25	0	0	3/8	2	1	1/16	1/16	1		2	74	D5	5	49
6	6	15/2	15/2	0.25	0	0	3/8	1	1	1/16	1/16	1		6	78	F#5	5	43
6	6	31/4	31/4	0.25	1/16	1/16	3/8	2	1	1/16	1/16	1		7	73	C#5	5	50
6	6	31/4	31/4	0.25	1/16	1/16	3/8	1	1	1/16	1/16	1		4	76	E5	5	44
6	6	8	8	0.25	1/8	1/8	3/8	2	1	1/16	1/16	1		2	74	D5	5	51
6	6	8	8	0.25	1/8	1/8	3/8	1	1	1/16	1/16	1		6	78	F#5	5	45
6	6	33/4	33/4	0.25	3/16	3/16	3/8	2	1	1/16	1/16	1		6	78	F#5	5	52
6	6	33/4	33/4	0.25	3/16	3/16	3/8	1	1	1/16	1/16	1		3	81	A5	5	46
6	6	17/2	17/2	0.25	1/4	1/4	3/8	2	1	1/16	1/16	1		4	76	E5	5	53
6	6	17/2	17/2	0.25	1/4	1/4	3/8	1	1	1/16	1/16	1		1	79	G5	5	47
6	6	35/4	35/4	0.25	5/16	5/16	3/8	2	1	1/16	1/16	1		1	79	G5	5	54
6	6	35/4	35/4	0.25	5/16	5/16	3/8	1	1	1/16	1/16	1		5	83	B5	5	48
7	7	9	9	0.25	0	0	3/8	2	1	1/16	1/16	1		6	78	F#5	5	59
7	7	9	9	0.75	0	0	3/8	1	1	3/16	1/8	3/2		3	81	A5	5	55
7	7	37/4	37/4	0.25	1/16	1/16	3/8	2	1	1/16	1/16	1		1	79	G5	5	60
7	7	19/2	19/2	0.25	1/8	1/8	3/8	2	1	1/16	1/16	1		6	78	F#5	5	61
7	7	39/4	39/4	0.25	3/16	3/16	3/8	2	1	1/16	1/16	1		4	76	E5	5	62
7	7	39/4	39/4	0.25	3/16	3/16	3/8	1	1	1/16	1/16	1		1	79	G5	5	56
7	7	10	10	0.25	1/4	1/4	3/8	2	1	1/16	1/16	1		2	74	D5	5	63
7	7	10	10	0.25	1/4	1/4	3/8	1	1	1/16	1/16	1		6	78	F#5	5	57
7	7	41/4	41/4	0.25	5/16	5/16	3/8	2	1	1/16	1/16	1		7	73	C#5	5	64
7	7	41/4	41/4	0.25	5/16	5/16	3/8	1	1	1/16	1/16	1		4	76	E5	5	58
8	8	21/2	21/2	0.25	0	0	3/8	2	1	1/16	1/16	1		2	74	D5	5	69
8	8	21/2	21/2	0.25	0	0	3/8	1	1	1/16	1/16	1		6	78	F#5	5	65
8	8	43/4	43/4	0.25	1/16	1/16	3/8	2	1	1/16	1/16	1		4	76	E5	5	70
8	8	43/4	43/4	0.25	1/16	1/16	3/8	1	1	1/16	1/16	1		1	79	G5	5	66
8	8	11	11	0.75	1/8	1/8	3/8	2	1	3/16	1/8	3/2		7	73	C#5	5	71
8	8	11	11	0.75	1/8	1/8	3/8	1	1	3/16	1/8	3/2		4	76	E5	5	67
8	8	47/4	47/4	0.25	5/16	5/16	3/8	1	1	1/16	1/16	1		2	74	D5	5	68
8	8	47/4	47/4	0.25	5/16	5/16	3/8	2	1	1/16	1/16	1		2	74	D5	5	72
9	9	12	12	0.5	0	0	3/8	1	1	1/8	1/8	1		2	74	D5	5	73
9	9	12	12	0.5	0	0	3/8	2	1	1/8	1/8	1		2	74	D5	5	74
9	9	25/2	25/2	0.25	1/8	1/8	3/8	3	1	1/16	1/16	1		2	50	D3	3	75
9	9	51/4	51/4	0.25	3/16	3/16	3/8	3	1	1/16	1/16	1		3	57	A3	3	76
9	9	13	13	0.25	1/4	1/4	3/8	3	1	1/16	1/16	1		1	55	G3	3	77
9	9	53/4	53/4	0.25	5/16	5/16	3/8	3	1	1/16	1/16	1		3	57	A3	3	78
10	10	27/2	27/2	0.25	0	0	3/8	3	1	1/16	1/16	1		6	54	F#3	3	79
10	10	55/4	55/4	0.25	1/16	1/16	3/8	3	1	1/16	1/16	1		1	55	G3	3	80
10	10	14	14	0.25	1/8	1/8	3/8	3	1	1/16	1/16	1		3	57	A3	3	81
10	10	57/4	57/4	0.25	3/16	3/16	3/8	3	1	1/16	1/16	1		1	55	G3	3	82
10	10	29/2	29/2	0.25	1/4	1/4	3/8	3	1	1/16	1/16	1		6	54	F#3	3	83
10	10	59/4	59/4	0.25	5/16	5/16	3/8	3	1	1/16	1/16	1		4	52	E3	3	84
11	11	15	15	0.5	0	0	3/8	3	1	1/8	1/8	1		2	50	D3	3	89
11	11	31/2	31/2	0.5	1/8	1/8	3/8	2	1	1/8	1/8	1		2	62	D4	4	87
11	11	31/2	31/2	0.5	1/8	1/8	3/8	1	1	1/8	1/8	1		6	66	F#4	4	85
11	11	16	16	0.5	1/4	1/4	3/8	2	1	1/8	1/8	1		3	57	A3	3	88
11	11	16	16	0.5	1/4	1/4	3/8	1	1	1/8	1/8	1		4	64	E4	4	86
12	12	33/2	33/2	0.25	0	0	3/8	2	1	1/16	1/16	1		2	62	D4	4	95
12	12	33/2	33/2	0.75	0	0	3/8	1	1	3/16	1/8	3/2		6	66	F#4	4	90
12	12	67/4	67/4	0.25	1/16	1/16	3/8	2	1	1/16	1/16	1		7	61	C#4	4	96
12	12	17	17	0.25	1/8	1/8	3/8	2	1	1/16	1/16	1		2	62	D4	4	97
12	12	69/4	69/4	0.25	3/16	3/16	3/8	2	1	1/16	1/16	1		3	57	A3	3	98
12	12	69/4	69/4	0.25	3/16	3/16	3/8	1	1	1/16	1/16	1		1	67	G4	4	91
12	12	35/2	35/2	0.25	1/4	1/4	3/8	2	1	1/16	1/16	1		4	64	E4	4	99
12	12	35/2	35/2	0.25	1/4	1/4	3/8	1	1	1/16	1/16	1		1	67	G4	4	92
12	12	71/4	71/4	0.25	5/16	5/16	3/8	2	1	1/16	1/16	1		3	57	A3	3	100
12	12	71/4	71/4	0.125	5/16	5/16	3/8	1	1	1/32	1/32	1		6	66	F#4	4	93
12	12	143/8	143/8	0.125	11/32	11/32	3/8	1	1	1/32	1/32	1		1	67	G4	4	94
13	13	18	18	0.5	0	0	3/8	2	1	1/8	1/8	1		6	66	F#4	4	107
13	13	18	18	0.25	0	0	3/8	1	1	1/16	1/16	1		3	69	A4	4	101
13	13	73/4	73/4	0.25	1/16	1/16	3/8	1	1	1/16	1/16	1		5	71	B4	4	102
13	13	37/2	37/2	0.5	1/8	1/8	3/8	3	1	1/8	1/8	1		2	62	D4	4	110
13	13	37/2	37/2	0.5	1/8	1/8	3/8	2	1	1/8	1/8	1		6	66	F#4	4	108
13	13	37/2	37/2	0.25	1/8	1/8	3/8	1	1	1/16	1/16	1		3	69	A4	4	103
13	13	75/4	75/4	0.25	3/16	3/16	3/8	1	1	1/16	1/16	1		5	71	B4	4	104
13	13	19	19	0.5	1/4	1/4	3/8	3	1	1/8	1/8	1		3	57	A3	3	111
13	13	19	19	0.5	1/4	1/4	3/8	2	1	1/8	1/8	1		4	64	E4	4	109
13	13	19	19	0.25	1/4	1/4	3/8	1	1	1/16	1/16	1		3	69	A4	4	105
13	13	77/4	77/4	0.25	5/16	5/16	3/8	1	1	1/16	1/16	1		5	71	B4	4	106
14	14	39/2	39/2	0.25	0	0	3/8	3	1	1/16	1/16	1		2	62	D4	4	118
14	14	39/2	39/2	0.75	0	0	3/8	2	1	3/16	1/8	3/2		6	66	F#4	4	113
14	14	39/2	39/2	1.5	0	0	3/8	1	1	3/8	1/4	3/2	1	3	69	A4	4	112
14	14	79/4	79/4	0.25	1/16	1/16	3/8	3	1	1/16	1/16	1		7	61	C#4	4	119
14	14	20	20	0.25	1/8	1/8	3/8	3	1	1/16	1/16	1		2	62	D4	4	120
14	14	81/4	81/4	0.25	3/16	3/16	3/8	3	1	1/16	1/16	1		3	57	A3	3	121
14	14	81/4	81/4	0.25	3/16	3/16	3/8	2	1	1/16	1/16	1		1	67	G4	4	114
14	14	41/2	41/2	0.25	1/4	1/4	3/8	3	1	1/16	1/16	1		4	64	E4	4	122
14	14	41/2	41/2	0.375	1/4	1/4	3/8	2	1	3/32	1/16	3/2		1	67	G4	4	115
14	14	83/4	83/4	0.25	5/16	5/16	3/8	3	1	1/16	1/16	1		3	57	A3	3	123
14	14	167/8	167/8	0.0625	11/32	11/32	3/8	2	1	1/64	1/64	1		6	66	F#4	4	116
14	14	335/16	335/16	0.0625	23/64	23/64	3/8	2	1	1/64	1/64	1		1	67	G4	4	117
15	15	21	21	1.0	0	0	3/8	3	1	1/4	1/4	1		6	66	F#4	4	131
15	15	21	21	0.25	0	0	3/8	1	1	1/16	1/16	1	-1	3	69	A4	4	124
15	15	21	21	0.75	0	0	3/8	2	1	3/16	1/8	3/2		3	69	A4	4	128
15	15	85/4	85/4	0.25	1/16	1/16	3/8	1	1	1/16	1/16	1		3	69	A4	4	125
15	15	43/2	43/2	0.75	1/8	1/8	3/8	1	1	3/16	1/8	3/2		2	74	D5	5	126
15	15	87/4	87/4	0.25	3/16	3/16	3/8	2	1	1/16	1/16	1		3	69	A4	4	129
15	15	22	22	0.5	1/4	1/4	3/8	3	1	1/8	1/8	1		2	62	D4	4	132
15	15	22	22	0.5	1/4	1/4	3/8	2	1	1/8	1/8	1	1	2	74	D5	5	130
15	15	89/4	89/4	0.25	5/16	5/16	3/8	1	1	1/16	1/16	1		6	78	F#5	5	127
16	16	45/2	45/2	1.0	0	0	3/8	3	1	1/4	1/4	1		3	69	A4	4	140
16	16	45/2	45/2	0.25	0	0	3/8	2	1	1/16	1/16	1	-1	2	74	D5	5	136
16	16	45/2	45/2	0.75	0	0	3/8	1	1	3/16	1/8	3/2		4	76	E5	5	133
16	16	91/4	91/4	0.25	1/16	1/16	3/8	2	1	1/16	1/16	1		2	74	D5	5	137
16	16	23	23	0.75	1/8	1/8	3/8	2	1	3/16	1/8	3/2		7	73	C#5	5	138
16	16	93/4	93/4	0.25	3/16	3/16	3/8	1	1	1/16	1/16	1		4	76	E5	5	134
16	16	47/2	47/2	0.5	1/4	1/4	3/8	3	1	1/8	1/8	1		3	57	A3	3	141
16	16	47/2	47/2	0.5	1/4	1/4	3/8	1	1	1/8	1/8	1	1	3	81	A5	5	135
16	16	95/4	95/4	0.25	5/16	5/16	3/8	2	1	1/16	1/16	1		7	73	C#5	5	139
17	17	24	24	0.25	0	0	3/8	3	1	1/16	1/16	1		5	59	B3	3	148
17	17	24	24	0.5	0	0	3/8	2	1	1/8	1/8	1		2	74	D5	5	146
17	17	24	24	0.25	0	0	3/8	1	1	1/16	1/16	1	-1	3	81	A5	5	142
17	17	97/4	97/4	0.25	1/16	1/16	3/8	3	1	1/16	1/16	1		7	61	C#4	4	149
17	17	97/4	97/4	0.25	1/16	1/16	3/8	1	1	1/16	1/16	1		1	79	G5	5	143
17	17	49/2	49/2	0.75	1/8	1/8	3/8	3	1	3/16	1/8	3/2		7	61	C#4	4	150
17	17	49/2	49/2	1.0	1/8	1/8	3/8	2	1	1/4	1/4	1		4	76	E5	5	147
17	17	49/2	49/2	0.75	1/8	1/8	3/8	1	1	3/16	1/8	3/2		1	79	G5	5	144
17	17	101/4	101/4	0.125	5/16	5/16	3/8	3	1	1/32	1/32	1		5	59	B3	3	151
17	17	101/4	101/4	0.25	5/16	5/16	3/8	1	1	1/16	1/16	1		6	78	F#5	5	145
17	17	203/8	203/8	0.125	11/32	11/32	3/8	3	1	1/32	1/32	1		7	61	C#4	4	152
18	18	51/2	51/2	1.0	0	0	3/8	3	1	1/4	1/4	1		2	62	D4	4	160
18	18	51/2	51/2	0.25	0	0	3/8	2	1	1/16	1/16	1		3	69	A4	4	157
18	18	51/2	51/2	0.5	0	0	3/8	1	1	1/8	1/8	1		6	78	F#5	5	153
18	18	103/4	103/4	0.25	1/16	1/16	3/8	2	1	1/16	1/16	1		3	69	A4	4	158
18	18	26	26	1.0	1/8	1/8	3/8	2	1	1/4	1/4	1	1	2	74	D5	5	159
18	18	105/4	105/4	0.25	3/16	3/16	3/8	1	1	1/16	1/16	1		3	69	A4	4	154
18	18	53/2	53/2	0.5	1/4	1/4	3/8	3	1	1/8	1/8	1		2	50	D3	3	161
18	18	53/2	53/2	0.25	1/4	1/4	3/8	1	1	1/16	1/16	1		2	74	D5	5	155
18	18	107/4	107/4	0.25	5/16	5/16	3/8	1	1	1/16	1/16	1		6	78	F#5	5	156
19	19	27	27	1.0	0	0	3/8	3	1	1/4	1/4	1		1	55	G3	3	169
19	19	27	27	0.5	0	0	3/8	1	1	1/8	1/8	1		5	71	B4	4	162
19	19	27	27	0.25	0	0	3/8	2	1	1/16	1/16	1	-1	2	74	D5	5	166
19	19	109/4	109/4	0.25	1/16	1/16	3/8	2	1	1/16	1/16	1		5	71	B4	4	167
19	19	55/2	55/2	1.0	1/8	1/8	3/8	2	1	1/4	1/4	1	1	4	76	E5	5	168
19	19	111/4	111/4	0.25	3/16	3/16	3/8	1	1	1/16	1/16	1		5	71	B4	4	163
19	19	28	28	0.5	1/4	1/4	3/8	3	1	1/8	1/8	1		4	52	E3	3	170
19	19	28	28	0.25	1/4	1/4	3/8	1	1	1/16	1/16	1		4	76	E5	5	164
19	19	113/4	113/4	0.25	5/16	5/16	3/8	1	1	1/16	1/16	1		1	79	G5	5	165
20	20	57/2	57/2	1.0	0	0	3/8	3	1	1/4	1/4	1		3	57	A3	3	178
20	20	57/2	57/2	0.5	0	0	3/8	1	1	1/8	1/8	1		7	73	C#5	5	171
20	20	57/2	57/2	0.25	0	0	3/8	2	1	1/16	1/16	1	-1	4	76	E5	5	175
20	20	115/4	115/4	0.25	1/16	1/16	3/8	2	1	1/16	1/16	1		7	73	C#5	5	176
20	20	29	29	1.0	1/8	1/8	3/8	2	1	1/4	1/4	1	1	6	78	F#5	5	177
20	20	117/4	117/4	0.25	3/16	3/16	3/8	1	1	1/16	1/16	1		7	73	C#5	5	172
20	20	59/2	59/2	0.5	1/4	1/4	3/8	3	1	1/8	1/8	1		6	54	F#3	3	179
20	20	59/2	59/2	0.25	1/4	1/4	3/8	1	1	1/16	1/16	1		6	78	F#5	5	173
20	20	119/4	119/4	0.25	5/16	5/16	3/8	1	1	1/16	1/16	1		3	81	A5	5	174
21	21	30	30	1.0	0	0	3/8	3	1	1/4	1/4	1		5	59	B3	3	187
21	21	30	30	0.5	0	0	3/8	1	1	1/8	1/8	1		9	75	D#5	5	180
21	21	30	30	0.25	0	0	3/8	2	1	1/16	1/16	1	-1	6	78	F#5	5	184
21	21	121/4	121/4	0.25	1/16	1/16	3/8	2	1	1/16	1/16	1		9	75	D#5	5	185
21	21	61/2	61/2	1.0	1/8	1/8	3/8	2	1	1/4	1/4	1	1	1	79	G5	5	186
21	21	123/4	123/4	0.25	3/16	3/16	3/8	1	1	1/16	1/16	1		9	75	D#5	5	181
21	21	31	31	0.5	1/4	1/4	3/8	3	1	1/8	1/8	1		1	55	G3	3	188
21	21	31	31	0.25	1/4	1/4	3/8	1	1	1/16	1/16	1		1	79	G5	5	182
21	21	125/4	125/4	0.25	5/16	5/16	3/8	1	1	1/16	1/16	1		5	83	B5	5	183
22	22	63/2	63/2	0.5	0	0	3/8	3	1	1/8	1/8	1		0	60	C4	4	196
22	22	63/2	63/2	0.75	0	0	3/8	1	1	3/16	1/8	3/2		4	76	E5	5	189
22	22	63/2	63/2	0.25	0	0	3/8	2	1	1/16	1/16	1	-1	1	79	G5	5	192
22	22	127/4	127/4	0.25	1/16	1/16	3/8	2	1	1/16	1/16	1		4	76	E5	5	193
22	22	32	32	0.5	1/8	1/8	3/8	3	1	1/8	1/8	1		3	57	A3	3	197
22	22	32	32	0.75	1/8	1/8	3/8	2	1	3/16	1/8	3/2		3	81	A5	5	194
22	22	129/4	129/4	0.25	3/16	3/16	3/8	1	1	1/16	1/16	1		7	73	C#5	5	190
22	22	65/2	65/2	0.5	1/4	1/4	3/8	3	1	1/8	1/8	1		5	59	B3	3	198
22	22	65/2	65/2	0.5	1/4	1/4	3/8	1	1	1/8	1/8	1		9	75	D#5	5	191
22	22	131/4	131/4	0.25	5/16	5/16	3/8	2	1	1/16	1/16	1		3	69	A4	4	195
23	23	33	33	0.5	0	0	3/8	3	1	1/8	1/8	1		4	52	E3	3	206
23	23	33	33	0.25	0	0	3/8	2	1	1/16	1/16	1		1	67	G4	4	202
23	23	33	33	0.5	0	0	3/8	1	1	1/8	1/8	1		4	76	E5	5	199
23	23	133/4	133/4	0.25	1/16	1/16	3/8	2	1	1/16	1/16	1		6	66	F#4	4	203
23	23	67/2	67/2	1.0	1/8	1/8	3/8	3	1	1/4	1/4	1		5	47	B2	2	207
23	23	67/2	67/2	0.75	1/8	1/8	3/8	2	1	3/16	1/8	3/2		6	66	F#4	4	204
23	23	67/2	67/2	0.75	1/8	1/8	3/8	1	1	3/16	1/8	3/2		9	75	D#5	5	200
23	23	137/4	137/4	0.25	5/16	5/16	3/8	2	1	1/16	1/16	1		4	64	E4	4	205
23	23	137/4	137/4	0.25	5/16	5/16	3/8	1	1	1/16	1/16	1		4	76	E5	5	201
24	24	69/2	69/2	0.5	0	0	3/8	3	1	1/8	1/8	1		4	52	E3	3	214
24	24	69/2	69/2	0.5	0	0	3/8	2	1	1/8	1/8	1		4	64	E4	4	213
24	24	69/2	69/2	0.5	0	0	3/8	1	1	1/8	1/8	1		4	76	E5	5	208
24	24	35	35	0.25	1/8	1/8	3/8	1	1	1/16	1/16	1		3	69	A4	4	209
24	24	141/4	141/4	0.25	3/16	3/16	3/8	1	1	1/16	1/16	1		4	76	E5	5	210
24	24	71/2	71/2	0.25	1/4	1/4	3/8	1	1	1/16	1/16	1		2	74	D5	5	211
24	24	143/4	143/4	0.25	5/16	5/16	3/8	1	1	1/16	1/16	1		4	76	E5	5	212
25	25	36	36	0.25	0	0	3/8	1	1	1/16	1/16	1		7	73	C#5	5	215
25	25	145/4	145/4	0.25	1/16	1/16	3/8	1	1	1/16	1/16	1		5	71	B4	4	216
25	25	73/2	73/2	0.25	1/8	1/8	3/8	2	1	1/16	1/16	1		3	69	A4	4	221
25	25	73/2	73/2	0.25	1/8	1/8	3/8	1	1	1/16	1/16	1		7	73	C#5	5	217
25	25	147/4	147/4	0.25	3/16	3/16	3/8	1	1	1/16	1/16	1		2	74	D5	5	218
25	25	147/4	147/4	0.25	3/16	3/16	3/8	2	1	1/16	1/16	1		4	76	E5	5	222
25	25	37	37	0.25	1/4	1/4	3/8	1	1	1/16	1/16	1		5	71	B4	4	219
25	25	37	37	0.25	1/4	1/4	3/8	2	1	1/16	1/16	1		2	74	D5	5	223
25	25	149/4	149/4	0.25	5/16	5/16	3/8	1	1	1/16	1/16	1		7	73	C#5	5	220
25	25	149/4	149/4	0.25	5/16	5/16	3/8	2	1	1/16	1/16	1		4	76	E5	5	224
26	26	75/2	75/2	0.25	0	0	3/8	1	1	1/16	1/16	1		3	69	A4	4	225
26	26	75/2	75/2	0.25	0	0	3/8	2	1	1/16	1/16	1		7	73	C#5	5	230
26	26	151/4	151/4	0.25	1/16	1/16	3/8	1	1	1/16	1/16	1		8	68	G#4	4	226
26	26	151/4	151/4	0.25	1/16	1/16	3/8	2	1	1/16	1/16	1		5	71	B4	4	231
26	26	38	38	0.25	1/8	1/8	3/8	3	1	1/16	1/16	1		3	57	A3	3	235
26	26	38	38	0.25	1/8	1/8	3/8	1	1	1/16	1/16	1		3	69	A4	4	227
26	26	38	38	0.25	1/8	1/8	3/8	2	1	1/16	1/16	1		7	73	C#5	5	232
26	26	153/4	153/4	0.25	3/16	3/16	3/8	3	1	1/16	1/16	1		4	64	E4	4	236
26	26	153/4	153/4	0.25	3/16	3/16	3/8	1	1	1/16	1/16	1		5	71	B4	4	228
26	26	153/4	153/4	0.25	3/16	3/16	3/8	2	1	1/16	1/16	1		2	74	D5	5	233
26	26	77/2	77/2	0.25	1/4	1/4	3/8	3	1	1/16	1/16	1		2	62	D4	4	237
26	26	77/2	77/2	0.5	1/4	1/4	3/8	1	1	1/8	1/8	1		8	68	G#4	4	229
26	26	77/2	77/2	0.5	1/4	1/4	3/8	2	1	1/8	1/8	1		5	71	B4	4	234
26	26	155/4	155/4	0.25	5/16	5/16	3/8	3	1	1/16	1/16	1		4	64	E4	4	238
27	27	39	39	0.25	0	0	3/8	3	1	1/16	1/16	1		7	61	C#4	4	249
27	27	39	39	0.75	0	0	3/8	1	1	3/16	1/8	3/2		3	69	A4	4	239
27	27	39	39	0.75	0	0	3/8	2	1	3/16	1/8	3/2		7	73	C#5	5	244
27	27	157/4	157/4	0.25	1/16	1/16	3/8	3	1	1/16	1/16	1		2	62	D4	4	250
27	27	79/2	79/2	0.25	1/8	1/8	3/8	3	1	1/16	1/16	1		4	64	E4	4	251
27	27	159/4	159/4	0.25	3/16	3/16	3/8	3	1	1/16	1/16	1		2	62	D4	4	252
27	27	159/4	159/4	0.25	3/16	3/16	3/8	1	1	1/16	1/16	1		5	71	B4	4	240
27	27	159/4	159/4	0.25	3/16	3/16	3/8	2	1	1/16	1/16	1		2	74	D5	5	245
27	27	40	40	0.25	1/4	1/4	3/8	3	1	1/16	1/16	1		7	61	C#4	4	253
27	27	40	40	0.375	1/4	1/4	3/8	1	1	3/32	1/16	3/2		5	71	B4	4	241
27	27	40	40	0.375	1/4	1/4	3/8	2	1	3/32	1/16	3/2		2	74	D5	5	246
27	27	161/4	161/4	0.25	5/16	5/16	3/8	3	1	1/16	1/16	1		5	59	B3	3	254
27	27	323/8	323/8	0.0625	11/32	11/32	3/8	1	1	1/64	1/64	1		3	69	A4	4	242
27	27	323/8	323/8	0.0625	11/32	11/32	3/8	2	1	1/64	1/64	1		7	73	C#5	5	247
27	27	647/16	647/16	0.0625	23/64	23/64	3/8	1	1	1/64	1/64	1		5	71	B4	4	243
27	27	647/16	647/16	0.0625	23/64	23/64	3/8	2	1	1/64	1/64	1		2	74	D5	5	248
28	28	81/2	81/2	0.5	0	0	3/8	3	1	1/8	1/8	1		3	57	A3	3	263
28	28	81/2	81/2	0.75	0	0	3/8	1	1	3/16	1/8	3/2		7	73	C#5	5	255
28	28	81/2	81/2	0.75	0	0	3/8	2	1	3/16	1/8	3/2		4	76	E5	5	259
28	28	41	41	0.5	1/8	1/8	3/8	3	1	1/8	1/8	1		4	52	E3	3	264
28	28	165/4	165/4	0.25	3/16	3/16	3/8	1	1	1/16	1/16	1		5	71	B4	4	256
28	28	165/4	165/4	0.25	3/16	3/16	3/8	2	1	1/16	1/16	1		2	74	D5	5	260
28	28	83/2	83/2	0.5	1/4	1/4	3/8	3	1	1/8	1/8	1		6	54	F#3	3	265
28	28	83/2	83/2	0.25	1/4	1/4	3/8	1	1	1/16	1/16	1		3	69	A4	4	257
28	28	83/2	83/2	0.25	1/4	1/4	3/8	2	1	1/16	1/16	1		7	73	C#5	5	261
28	28	167/4	167/4	0.25	5/16	5/16	3/8	1	1	1/16	1/16	1		8	68	G#4	4	258
28	28	167/4	167/4	0.25	5/16	5/16	3/8	2	1	1/16	1/16	1		5	71	B4	4	262
29	29	42	42	0.5	0	0	3/8	3	1	1/8	1/8	1		2	50	D3	3	274
29	29	42	42	0.25	0	0	3/8	1	1	1/16	1/16	1		3	69	A4	4	266
29	29	42	42	0.25	0	0	3/8	2	1	1/16	1/16	1		7	73	C#5	5	270
29	29	169/4	169/4	0.25	1/16	1/16	3/8	1	1	1/16	1/16	1		5	71	B4	4	267
29	29	169/4	169/4	0.25	1/16	1/16	3/8	2	1	1/16	1/16	1		2	74	D5	5	271
29	29	85/2	85/2	0.5	1/8	1/8	3/8	3	1	1/8	1/8	1		4	52	E3	3	275
29	29	85/2	85/2	0.75	1/8	1/8	3/8	1	1	3/16	1/8	3/2		8	68	G#4	4	268
29	29	85/2	85/2	0.75	1/8	1/8	3/8	2	1	3/16	1/8	3/2		5	71	B4	4	272
29	29	43	43	0.5	1/4	1/4	3/8	3	1	1/8	1/8	1		4	40	E2	2	276
29	29	173/4	173/4	0.25	5/16	5/16	3/8	1	1	1/16	1/16	1		3	69	A4	4	269
29	29	173/4	173/4	0.25	5/16	5/16	3/8	2	1	1/16	1/16	1		3	69	A4	4	273
30	30	87/2	87/2	0.5	0	0	3/8	3	1	1/8	1/8	1		3	45	A2	2	283
30	30	87/2	87/2	0.5	0	0	3/8	1	1	1/8	1/8	1		3	69	A4	4	277
30	30	87/2	87/2	0.5	0	0	3/8	2	1	1/8	1/8	1		3	69	A4	4	282
30	30	44	44	0.25	1/8	1/8	3/8	1	1	1/16	1/16	1		4	76	E5	5	278
30	30	177/4	177/4	0.25	3/16	3/16	3/8	1	1	1/16	1/16	1		1	79	G5	5	279
30	30	89/2	89/2	0.25	1/4	1/4	3/8	1	1	1/16	1/16	1		6	78	F#5	5	280
30	30	179/4	179/4	0.25	5/16	5/16	3/8	1	1	1/16	1/16	1		3	81	A5	5	281
31	31	45	45	0.25	0	0	3/8	1	1	1/16	1/16	1		1	79	G5	5	284
31	31	181/4	181/4	0.25	1/16	1/16	3/8	1	1	1/16	1/16	1		6	78	F#5	5	285
31	31	91/2	91/2	0.25	1/8	1/8	3/8	2	1	1/16	1/16	1		5	71	B4	4	290
31	31	91/2	91/2	0.25	1/8	1/8	3/8	1	1	1/16	1/16	1		1	79	G5	5	286
31	31	183/4	183/4	0.25	3/16	3/16	3/8	2	1	1/16	1/16	1		2	74	D5	5	291
31	31	183/4	183/4	0.25	3/16	3/16	3/8	1	1	1/16	1/16	1		5	83	B5	5	287
31	31	46	46	0.25	1/4	1/4	3/8	2	1	1/16	1/16	1		7	73	C#5	5	292
31	31	46	46	0.25	1/4	1/4	3/8	1	1	1/16	1/16	1		3	81	A5	5	288
31	31	185/4	185/4	0.25	5/16	5/16	3/8	2	1	1/16	1/16	1		4	76	E5	5	293
31	31	185/4	185/4	0.25	5/16	5/16	3/8	1	1	1/16	1/16	1		1	79	G5	5	289
32	32	93/2	93/2	1.5	0	0	3/8	2	1	3/8	1/4	3/2	1	2	74	D5	5	300
32	32	93/2	93/2	0.25	0	0	3/8	1	1	1/16	1/16	1		6	78	F#5	5	294
32	32	187/4	187/4	0.25	1/16	1/16	3/8	1	1	1/16	1/16	1		4	76	E5	5	295
32	32	47	47	0.25	1/8	1/8	3/8	3	1	1/16	1/16	1		2	50	D3	3	301
32	32	47	47	0.25	1/8	1/8	3/8	1	1	1/16	1/16	1		6	78	F#5	5	296
32	32	189/4	189/4	0.25	3/16	3/16	3/8	3	1	1/16	1/16	1		6	54	F#3	3	302
32	32	189/4	189/4	0.25	3/16	3/16	3/8	1	1	1/16	1/16	1		3	81	A5	5	297
32	32	95/2	95/2	0.25	1/4	1/4	3/8	3	1	1/16	1/16	1		4	52	E3	3	303
32	32	95/2	95/2	0.25	1/4	1/4	3/8	1	1	1/16	1/16	1		1	79	G5	5	298
32	32	191/4	191/4	0.25	5/16	5/16	3/8	3	1	1/16	1/16	1		1	55	G3	3	304
32	32	191/4	191/4	0.25	5/16	5/16	3/8	1	1	1/16	1/16	1		5	83	B5	5	299
33	33	48	48	0.5	0	0	3/8	3	1	1/8	1/8	1		6	54	F#3	3	315
33	33	48	48	0.75	0	0	3/8	2	1	3/16	1/8	3/2	-1	2	74	D5	5	311
33	33	48	48	0.25	0	0	3/8	1	1	1/16	1/16	1		3	81	A5	5	305
33	33	193/4	193/4	0.25	1/16	1/16	3/8	1	1	1/16	1/16	1		3	69	A4	4	306
33	33	97/2	97/2	0.5	1/8	1/8	3/8	3	1	1/8	1/8	1		6	42	F#2	2	316
33	33	97/2	97/2	0.25	1/8	1/8	3/8	1	1	1/16	1/16	1		2	74	D5	5	307
33	33	195/4	195/4	0.25	3/16	3/16	3/8	1	1	1/16	1/16	1		6	78	F#5	5	308
33	33	195/4	195/4	0.25	3/16	3/16	3/8	2	1	1/16	1/16	1		3	81	A5	5	312
33	33	49	49	0.5	1/4	1/4	3/8	3	1	1/8	1/8	1		1	43	G2	2	317
33	33	49	49	0.25	1/4	1/4	3/8	1	1	1/16	1/16	1		4	76	E5	5	309
33	33	49	49	0.25	1/4	1/4	3/8	2	1	1/16	1/16	1		1	79	G5	5	313
33	33	197/4	197/4	0.25	5/16	5/16	3/8	1	1	1/16	1/16	1		2	74	D5	5	310
33	33	197/4	197/4	0.25	5/16	5/16	3/8	2	1	1/16	1/16	1		6	78	F#5	5	314
34	34	99/2	99/2	0.5	0	0	3/8	3	1	1/8	1/8	1		3	45	A2	2	324
34	34	99/2	99/2	0.5	0	0	3/8	1	1	1/8	1/8	1		7	73	C#5	5	318
34	34	99/2	99/2	0.5	0	0	3/8	2	1	1/8	1/8	1		4	76	E5	5	321
34	34	50	50	0.5	1/8	1/8	3/8	2	1	1/8	1/8	1		2	74	D5	5	322
34	34	50	50	0.5	1/8	1/8	3/8	1	1	1/8	1/8	1		6	78	F#5	5	319
34	34	101/2	101/2	0.5	1/4	1/4	3/8	2	1	1/8	1/8	1		3	69	A4	4	323
34	34	101/2	101/2	0.5	1/4	1/4	3/8	1	1	1/8	1/8	1		4	76	E5	5	320
35	35	51	51	0.25	0	0	3/8	2	1	1/16	1/16	1		2	74	D5	5	330
35	35	51	51	0.75	0	0	3/8	1	1	3/16	1/8	3/2		6	78	F#5	5	325
35	35	205/4	205/4	0.25	1/16	1/16	3/8	2	1	1/16	1/16	1		7	73	C#5	5	331
35	35	103/2	103/2	0.25	1/8	1/8	3/8	2	1	1/16	1/16	1		2	74	D5	5	332
35	35	207/4	207/4	0.25	3/16	3/16	3/8	2	1	1/16	1/16	1		3	69	A4	4	333
35	35	207/4	207/4	0.25	3/16	3/16	3/8	1	1	1/16	1/16	1		1	79	G5	5	326
35	35	52	52	0.25	1/4	1/4	3/8	2	1	1/16	1/16	1		4	76	E5	5	334
35	35	52	52	0.375	1/4	1/4	3/8	1	1	3/32	1/16	3/2		1	79	G5	5	327
35	35	209/4	209/4	0.25	5/16	5/16	3/8	2	1	1/16	1/16	1		3	69	A4	4	335
35	35	419/8	419/8	0.0625	11/32	11/32	3/8	1	1	1/64	1/64	1		6	78	F#5	5	328
35	35	839/16	839/16	0.0625	23/64	23/64	3/8	1	1	1/64	1/64	1		1	79	G5	5	329
36	36	105/2	105/2	0.5	0	0	3/8	2	1	1/8	1/8	1		6	78	F#5	5	342
36	36	105/2	105/2	0.25	0	0	3/8	1	1	1/16	1/16	1		3	81	A5	5	336
36	36	211/4	211/4	0.25	1/16	1/16	3/8	1	1	1/16	1/16	1		3	69	A4	4	337
36	36	53	53	0.25	1/8	1/8	3/8	1	1	1/16	1/16	1		5	71	B4	4	338
36	36	213/4	213/4	0.25	3/16	3/16	3/8	2	1	1/16	1/16	1		3	69	A4	4	343
36	36	213/4	213/4	0.25	3/16	3/16	3/8	1	1	1/16	1/16	1		7	73	C#5	5	339
36	36	107/2	107/2	0.25	1/4	1/4	3/8	2	1	1/16	1/16	1		5	71	B4	4	344
36	36	107/2	107/2	0.25	1/4	1/4	3/8	1	1	1/16	1/16	1		2	74	D5	5	340
36	36	215/4	215/4	0.25	5/16	5/16	3/8	2	1	1/16	1/16	1		7	73	C#5	5	345
36	36	215/4	215/4	0.25	5/16	5/16	3/8	1	1	1/16	1/16	1		4	76	E5	5	341
37	37	54	54	0.25	0	0	3/8	2	1	1/16	1/16	1		2	74	D5	5	350
37	37	54	54	0.25	0	0	3/8	1	1	1/16	1/16	1		6	78	F#5	5	346
37	37	217/4	217/4	0.25	1/16	1/16	3/8	2	1	1/16	1/16	1		4	76	E5	5	351
37	37	217/4	217/4	0.25	1/16	1/16	3/8	1	1	1/16	1/16	1		1	79	G5	5	347
37	37	109/2	109/2	0.75	1/8	1/8	3/8	2	1	3/16	1/8	3/2		7	73	C#5	5	352
37	37	109/2	109/2	0.75	1/8	1/8	3/8	1	1	3/16	1/8	3/2		4	76	E5	5	348
37	37	221/4	221/4	0.25	5/16	5/16	3/8	1	1	1/16	1/16	1		2	74	D5	5	349
37	37	221/4	221/4	0.25	5/16	5/16	3/8	2	1	1/16	1/16	1		2	74	D5	5	353
38	38	111/2	111/2	0.5	0	0	3/8	1	1	1/8	1/8	1		2	74	D5	5	354
38	38	111/2	111/2	0.5	0	0	3/8	2	1	1/8	1/8	1		2	74	D5	5	357
38	38	56	56	0.25	1/8	1/8	3/8	3	1	1/16	1/16	1		2	50	D3	3	360
38	38	56	56	0.5	1/8	1/8	3/8	2	1	1/8	1/8	1		2	62	D4	4	358
38	38	56	56	0.5	1/8	1/8	3/8	1	1	1/8	1/8	1		6	66	F#4	4	355
38	38	225/4	225/4	0.25	3/16	3/16	3/8	3	1	1/16	1/16	1		3	57	A3	3	361
38	38	113/2	113/2	0.25	1/4	1/4	3/8	3	1	1/16	1/16	1		1	55	G3	3	362
38	38	113/2	113/2	0.5	1/4	1/4	3/8	2	1	1/8	1/8	1		7	61	C#4	4	359
38	38	113/2	113/2	0.5	1/4	1/4	3/8	1	1	1/8	1/8	1		4	64	E4	4	356
38	38	227/4	227/4	0.25	5/16	5/16	3/8	3	1	1/16	1/16	1		3	57	A3	3	363
39	39	57	57	0.25	0	0	3/8	3	1	1/16	1/16	1		6	54	F#3	3	374
39	39	57	57	0.75	0	0	3/8	2	1	3/16	1/8	3/2		2	62	D4	4	369
39	39	57	57	0.75	0	0	3/8	1	1	3/16	1/8	3/2		6	66	F#4	4	364
39	39	229/4	229/4	0.25	1/16	1/16	3/8	3	1	1/16	1/16	1		1	55	G3	3	375
39	39	115/2	115/2	0.25	1/8	1/8	3/8	3	1	1/16	1/16	1		3	57	A3	3	376
39	39	231/4	231/4	0.25	3/16	3/16	3/8	3	1	1/16	1/16	1		1	55	G3	3	377
39	39	231/4	231/4	0.25	3/16	3/16	3/8	2	1	1/16	1/16	1		4	64	E4	4	370
39	39	231/4	231/4	0.25	3/16	3/16	3/8	1	1	1/16	1/16	1		1	67	G4	4	365
39	39	58	58	0.25	1/4	1/4	3/8	3	1	1/16	1/16	1		6	54	F#3	3	378
39	39	58	58	0.375	1/4	1/4	3/8	2	1	3/32	1/16	3/2		4	64	E4	4	371
39	39	58	58	0.375	1/4	1/4	3/8	1	1	3/32	1/16	3/2		1	67	G4	4	366
39	39	233/4	233/4	0.25	5/16	5/16	3/8	3	1	1/16	1/16	1		4	52	E3	3	379
39	39	467/8	467/8	0.0625	11/32	11/32	3/8	2	1	1/64	1/64	1		2	62	D4	4	372
39	39	467/8	467/8	0.0625	11/32	11/32	3/8	1	1	1/64	1/64	1		6	66	F#4	4	367
39	39	935/16	935/16	0.0625	23/64	23/64	3/8	2	1	1/64	1/64	1		4	64	E4	4	373
39	39	935/16	935/16	0.0625	23/64	23/64	3/8	1	1	1/64	1/64	1		1	67	G4	4	368
40	40	117/2	117/2	0.5	0	0	3/8	3	1	1/8	1/8	1		2	50	D3	3	390
40	40	117/2	117/2	0.25	0	0	3/8	2	1	1/16	1/16	1		6	66	F#4	4	384
40	40	117/2	117/2	0.75	0	0	3/8	1	1	3/16	1/8	3/2		3	69	A4	4	380
40	40	235/4	235/4	0.25	1/16	1/16	3/8	2	1	1/16	1/16	1		1	67	G4	4	385
40	40	59	59	0.5	1/8	1/8	3/8	3	1	1/8	1/8	1		3	45	A2	2	391
40	40	59	59	0.25	1/8	1/8	3/8	2	1	1/16	1/16	1		6	66	F#4	4	386
40	40	237/4	237/4	0.25	3/16	3/16	3/8	2	1	1/16	1/16	1		4	64	E4	4	387
40	40	237/4	237/4	0.25	3/16	3/16	3/8	1	1	1/16	1/16	1		1	67	G4	4	381
40	40	119/2	119/2	0.5	1/4	1/4	3/8	3	1	1/8	1/8	1		5	47	B2	2	392
40	40	119/2	119/2	0.25	1/4	1/4	3/8	2	1	1/16	1/16	1		2	62	D4	4	388
40	40	119/2	119/2	0.25	1/4	1/4	3/8	1	1	1/16	1/16	1		6	66	F#4	4	382
40	40	239/4	239/4	0.25	5/16	5/16	3/8	2	1	1/16	1/16	1		7	61	C#4	4	389
40	40	239/4	239/4	0.25	5/16	5/16	3/8	1	1	1/16	1/16	1		4	64	E4	4	383
41	41	60	60	0.5	0	0	3/8	3	1	1/8	1/8	1		1	43	G2	2	401
41	41	60	60	0.25	0	0	3/8	2	1	1/16	1/16	1		2	62	D4	4	397
41	41	60	60	0.25	0	0	3/8	1	1	1/16	1/16	1		6	66	F#4	4	393
41	41	241/4	241/4	0.25	1/16	1/16	3/8	2	1	1/16	1/16	1		4	64	E4	4	398
41	41	241/4	241/4	0.25	1/16	1/16	3/8	1	1	1/16	1/16	1		1	67	G4	4	394
41	41	121/2	121/2	1.0	1/8	1/8	3/8	3	1	1/4	1/4	1		3	45	A2	2	402
41	41	121/2	121/2	0.75	1/8	1/8	3/8	2	1	3/16	1/8	3/2		7	61	C#4	4	399
41	41	121/2	121/2	0.75	1/8	1/8	3/8	1	1	3/16	1/8	3/2		4	64	E4	4	395
41	41	245/4	245/4	0.25	5/16	5/16	3/8	1	1	1/16	1/16	1		2	62	D4	4	396
41	41	245/4	245/4	0.25	5/16	5/16	3/8	2	1	1/16	1/16	1		2	62	D4	4	400
42	42	123/2	123/2	0.5	0	0	3/8	3	1	1/8	1/8	1		2	50	D3	3	416
42	42	123/2	123/2	0.125	0	0	3/8	1	1	1/32	1/32	1		2	62	D4	4	403
42	42	123/2	123/2	0.5	0	0	3/8	2	1	1/8	1/8	1		2	62	D4	4	415
42	42	493/8	493/8	0.125	1/32	1/32	3/8	1	1	1/32	1/32	1		6	66	F#4	4	404
42	42	247/4	247/4	0.125	1/16	1/16	3/8	1	1	1/32	1/32	1		8	68	G#4	4	405
42	42	495/8	495/8	0.125	3/32	3/32	3/8	1	1	1/32	1/32	1		10	70	A#4	4	406
42	42	62	62	0.125	1/8	1/8	3/8	1	1	1/32	1/32	1		5	71	B4	4	407
42	42	497/8	497/8	0.125	5/32	5/32	3/8	1	1	1/32	1/32	1		7	73	C#5	5	408
42	42	249/4	249/4	0.125	3/16	3/16	3/8	1	1	1/32	1/32	1		5	71	B4	4	409
42	42	499/8	499/8	0.125	7/32	7/32	3/8	1	1	1/32	1/32	1		7	73	C#5	5	410
42	42	125/2	125/2	0.125	1/4	1/4	3/8	1	1	1/32	1/32	1		2	74	D5	5	411
42	42	501/8	501/8	0.125	9/32	9/32	3/8	1	1	1/32	1/32	1		4	76	E5	5	412
42	42	251/4	251/4	0.125	5/16	5/16	3/8	1	1	1/32	1/32	1		2	74	D5	5	413
42	42	503/8	503/8	0.125	11/32	11/32	3/8	1	1	1/32	1/32	1		4	76	E5	5	414
43	43	63	63	1.0	0	0	3/8	1	1	1/4	1/4	1	1	6	78	F#5	5	417
43	43	505/8	505/8	0.125	1/32	1/32	3/8	2	1	1/32	1/32	1		6	66	F#4	4	420
43	43	253/4	253/4	0.125	1/16	1/16	3/8	2	1	1/32	1/32	1		8	68	G#4	4	421
43	43	507/8	507/8	0.125	3/32	3/32	3/8	2	1	1/32	1/32	1		10	70	A#4	4	422
43	43	127/2	127/2	0.125	1/8	1/8	3/8	2	1	1/32	1/32	1		5	71	B4	4	423
43	43	509/8	509/8	0.125	5/32	5/32	3/8	2	1	1/32	1/32	1		7	73	C#5	5	424
43	43	255/4	255/4	0.125	3/16	3/16	3/8	2	1	1/32	1/32	1		5	71	B4	4	425
43	43	511/8	511/8	0.125	7/32	7/32	3/8	2	1	1/32	1/32	1		7	73	C#5	5	426
43	43	64	64	0.125	1/4	1/4	3/8	2	1	1/32	1/32	1		2	74	D5	5	427
43	43	64	64	0.375	1/4	1/4	3/8	1	1	3/32	1/16	3/2	-1	6	78	F#5	5	418
43	43	513/8	513/8	0.125	9/32	9/32	3/8	2	1	1/32	1/32	1		4	76	E5	5	428
43	43	257/4	257/4	0.125	5/16	5/16	3/8	2	1	1/32	1/32	1		2	74	D5	5	429
43	43	515/8	515/8	0.125	11/32	11/32	3/8	1	1	1/32	1/32	1		4	76	E5	5	419
43	43	515/8	515/8	0.125	11/32	11/32	3/8	2	1	1/32	1/32	1		4	76	E5	5	430
44	44	129/2	129/2	0.25	0	0	3/8	1	1	1/16	1/16	1		2	74	D5	5	431
44	44	129/2	129/2	0.25	0	0	3/8	2	1	1/16	1/16	1		6	78	F#5	5	436
44	44	259/4	259/4	0.25	1/16	1/16	3/8	1	1	1/16	1/16	1		7	73	C#5	5	432
44	44	259/4	259/4	0.25	1/16	1/16	3/8	2	1	1/16	1/16	1		4	76	E5	5	437
44	44	65	65	0.5	1/8	1/8	3/8	1	1	1/8	1/8	1		5	71	B4	4	433
44	44	65	65	0.5	1/8	1/8	3/8	2	1	1/8	1/8	1		2	74	D5	5	438
44	44	131/2	131/2	0.25	1/4	1/4	3/8	1	1	1/16	1/16	1		10	70	A#4	4	434
44	44	131/2	131/2	0.25	1/4	1/4	3/8	2	1	1/16	1/16	1		7	73	C#5	5	439
44	44	263/4	263/4	0.25	5/16	5/16	3/8	1	1	1/16	1/16	1		5	71	B4	4	435
44	44	263/4	263/4	0.25	5/16	5/16	3/8	2	1	1/16	1/16	1		2	74	D5	5	440
45	45	66	66	0.125	0	0	3/8	1	1	1/32	1/32	1		10	70	A#4	4	441
45	45	66	66	0.5	0	0	3/8	2	1	1/8	1/8	1		7	73	C#5	5	451
45	45	529/8	529/8	0.125	1/32	1/32	3/8	1	1	1/32	1/32	1		6	78	F#5	5	442
45	45	265/4	265/4	0.125	1/16	1/16	3/8	1	1	1/32	1/32	1		4	76	E5	5	443
45	45	531/8	531/8	0.125	3/32	3/32	3/8	1	1	1/32	1/32	1		2	74	D5	5	444
45	45	133/2	133/2	0.125	1/8	1/8	3/8	1	1	1/32	1/32	1		7	73	C#5	5	445
45	45	533/8	533/8	0.125	5/32	5/32	3/8	1	1	1/32	1/32	1		5	71	B4	4	446
45	45	267/4	267/4	0.125	3/16	3/16	3/8	1	1	1/32	1/32	1		10	70	A#4	4	447
45	45	535/8	535/8	0.125	7/32	7/32	3/8	1	1	1/32	1/32	1		8	68	G#4	4	448
45	45	67	67	0.375	1/4	1/4	3/8	1	1	3/32	1/16	3/2		6	66	F#4	4	449
45	45	539/8	539/8	0.125	11/32	11/32	3/8	2	1	1/32	1/32	1		6	66	F#4	4	452
45	45	539/8	539/8	0.125	11/32	11/32	3/8	1	1	1/32	1/32	1		6	78	F#5	5	450
46	46	135/2	135/2	0.125	0	0	3/8	2	1	1/32	1/32	1		5	71	B4	4	455
46	46	135/2	135/2	0.5	0	0	3/8	1	1	1/8	1/8	1		9	75	D#5	5	453
46	46	541/8	541/8	0.125	1/32	1/32	3/8	2	1	1/32	1/32	1		5	83	B5	5	456
46	46	271/4	271/4	0.125	1/16	1/16	3/8	2	1	1/32	1/32	1		3	81	A5	5	457
46	46	543/8	543/8	0.125	3/32	3/32	3/8	2	1	1/32	1/32	1		1	79	G5	5	458
46	46	68	68	0.125	1/8	1/8	3/8	2	1	1/32	1/32	1		6	78	F#5	5	459
46	46	545/8	545/8	0.125	5/32	5/32	3/8	2	1	1/32	1/32	1		4	76	E5	5	460
46	46	273/4	273/4	0.125	3/16	3/16	3/8	2	1	1/32	1/32	1		2	74	D5	5	461
46	46	547/8	547/8	0.125	7/32	7/32	3/8	2	1	1/32	1/32	1		7	73	C#5	5	462
46	46	137/2	137/2	0.375	1/4	1/4	3/8	2	1	3/32	1/16	3/2		5	71	B4	4	463
46	46	551/8	551/8	0.125	11/32	11/32	3/8	1	1	1/32	1/32	1		5	71	B4	4	454
46	46	551/8	551/8	0.125	11/32	11/32	3/8	2	1	1/32	1/32	1		5	83	B5	5	464
47	47	69	69	0.125	0	0	3/8	1	1	1/32	1/32	1		4	76	E5	5	465
47	47	69	69	0.5	0	0	3/8	2	1	1/8	1/8	1		8	80	G#5	5	475
47	47	553/8	553/8	0.125	1/32	1/32	3/8	1	1	1/32	1/32	1		4	76	E5	5	466
47	47	277/4	277/4	0.125	1/16	1/16	3/8	1	1	1/32	1/32	1		2	74	D5	5	467
47	47	555/8	555/8	0.125	3/32	3/32	3/8	1	1	1/32	1/32	1		7	73	C#5	5	468
47	47	139/2	139/2	0.125	1/8	1/8	3/8	1	1	1/32	1/32	1		5	71	B4	4	469
47	47	557/8	557/8	0.125	5/32	5/32	3/8	1	1	1/32	1/32	1		3	69	A4	4	470
47	47	279/4	279/4	0.125	3/16	3/16	3/8	1	1	1/32	1/32	1		8	68	G#4	4	471
47	47	559/8	559/8	0.125	7/32	7/32	3/8	1	1	1/32	1/32	1		6	66	F#4	4	472
47	47	70	70	0.375	1/4	1/4	3/8	1	1	3/32	1/16	3/2		4	64	E4	4	473
47	47	563/8	563/8	0.125	11/32	11/32	3/8	2	1	1/32	1/32	1		4	64	E4	4	476
47	47	563/8	563/8	0.125	11/32	11/32	3/8	1	1	1/32	1/32	1		4	76	E5	5	474
48	48	141/2	141/2	0.125	0	0	3/8	2	1	1/32	1/32	1		3	69	A4	4	479
48	48	141/2	141/2	0.5	0	0	3/8	1	1	1/8	1/8	1		7	73	C#5	5	477
48	48	565/8	565/8	0.125	1/32	1/32	3/8	2	1	1/32	1/32	1		3	81	A5	5	480
48	48	283/4	283/4	0.125	1/16	1/16	3/8	2	1	1/32	1/32	1		1	79	G5	5	481
48	48	567/8	567/8	0.125	3/32	3/32	3/8	2	1	1/32	1/32	1		6	78	F#5	5	482
48	48	71	71	0.125	1/8	1/8	3/8	2	1	1/32	1/32	1		4	76	E5	5	483
48	48	569/8	569/8	0.125	5/32	5/32	3/8	2	1	1/32	1/32	1		2	74	D5	5	484
48	48	285/4	285/4	0.125	3/16	3/16	3/8	2	1	1/32	1/32	1		7	73	C#5	5	485
48	48	571/8	571/8	0.125	7/32	7/32	3/8	2	1	1/32	1/32	1		5	71	B4	4	486
48	48	143/2	143/2	0.375	1/4	1/4	3/8	2	1	3/32	1/16	3/2		3	69	A4	4	487
48	48	575/8	575/8	0.125	11/32	11/32	3/8	1	1	1/32	1/32	1		3	69	A4	4	478
48	48	575/8	575/8	0.125	11/32	11/32	3/8	2	1	1/32	1/32	1		3	81	A5	5	488
49	49	72	72	0.5	0	0	3/8	1	1	1/8	1/8	1		2	74	D5	5	489
49	49	72	72	0.5	0	0	3/8	2	1	1/8	1/8	1		6	78	F#5	5	492
49	49	145/2	145/2	0.25	1/8	1/8	3/8	3	1	1/16	1/16	1		5	47	B2	2	495
49	49	145/2	145/2	0.5	1/8	1/8	3/8	2	1	1/8	1/8	1		5	71	B4	4	493
49	49	145/2	145/2	0.5	1/8	1/8	3/8	1	1	1/8	1/8	1		2	74	D5	5	490
49	49	291/4	291/4	0.25	3/16	3/16	3/8	3	1	1/16	1/16	1		6	54	F#3	3	496
49	49	73	73	0.25	1/4	1/4	3/8	3	1	1/16	1/16	1		4	52	E3	3	497
49	49	73	73	0.5	1/4	1/4	3/8	2	1	1/8	1/8	1		10	70	A#4	4	494
49	49	73	73	0.5	1/4	1/4	3/8	1	1	1/8	1/8	1		7	73	C#5	5	491
49	49	293/4	293/4	0.25	5/16	5/16	3/8	3	1	1/16	1/16	1		6	54	F#3	3	498
50	50	147/2	147/2	0.25	0	0	3/8	3	1	1/16	1/16	1		2	50	D3	3	511
50	50	147/2	147/2	0.25	0	0	3/8	2	1	1/16	1/16	1		5	71	B4	4	505
50	50	147/2	147/2	0.25	0	0	3/8	1	1	1/16	1/16	1		2	74	D5	5	499
50	50	295/4	295/4	0.25	1/16	1/16	3/8	3	1	1/16	1/16	1		6	54	F#3	3	512
50	50	295/4	295/4	0.25	1/16	1/16	3/8	2	1	1/16	1/16	1		6	66	F#4	4	506
50	50	295/4	295/4	0.25	1/16	1/16	3/8	1	1	1/16	1/16	1		7	73	C#5	5	500
50	50	74	74	0.25	1/8	1/8	3/8	3	1	1/16	1/16	1		2	50	D3	3	513
50	50	74	74	0.25	1/8	1/8	3/8	2	1	1/16	1/16	1		5	71	B4	4	507
50	50	74	74	0.25	1/8	1/8	3/8	1	1	1/16	1/16	1		2	74	D5	5	501
50	50	297/4	297/4	0.25	3/16	3/16	3/8	3	1	1/16	1/16	1		6	54	F#3	3	514
50	50	297/4	297/4	0.25	3/16	3/16	3/8	2	1	1/16	1/16	1		6	66	F#4	4	508
50	50	297/4	297/4	0.25	3/16	3/16	3/8	1	1	1/16	1/16	1		5	71	B4	4	502
50	50	149/2	149/2	0.25	1/4	1/4	3/8	3	1	1/16	1/16	1		7	49	C#3	3	515
50	50	149/2	149/2	0.25	1/4	1/4	3/8	2	1	1/16	1/16	1		7	73	C#5	5	509
50	50	149/2	149/2	0.25	1/4	1/4	3/8	1	1	1/16	1/16	1		4	76	E5	5	503
50	50	299/4	299/4	0.25	5/16	5/16	3/8	3	1	1/16	1/16	1		6	54	F#3	3	516
50	50	299/4	299/4	0.25	5/16	5/16	3/8	2	1	1/16	1/16	1		6	66	F#4	4	510
50	50	299/4	299/4	0.25	5/16	5/16	3/8	1	1	1/16	1/16	1		7	73	C#5	5	504
51	51	75	75	0.5	0	0	3/8	3	1	1/8	1/8	1		5	47	B2	2	525
51	51	75	75	0.75	0	0	3/8	2	1	3/16	1/8	3/2		2	74	D5	5	521
51	51	75	75	0.75	0	0	3/8	1	1	3/16	1/8	3/2		6	78	F#5	5	517
51	51	151/2	151/2	0.5	1/8	1/8	3/8	3	1	1/8	1/8	1		6	42	F#2	2	526
51	51	303/4	303/4	0.25	3/16	3/16	3/8	2	1	1/16	1/16	1		4	76	E5	5	522
51	51	303/4	303/4	0.25	3/16	3/16	3/8	1	1	1/16	1/16	1		1	79	G5	5	518
51	51	76	76	0.5	1/4	1/4	3/8	3	1	1/8	1/8	1		1	43	G2	2	527
51	51	76	76	0.25	1/4	1/4	3/8	2	1	1/16	1/16	1		7	73	C#5	5	523
51	51	76	76	0.25	1/4	1/4	3/8	1	1	1/16	1/16	1		4	76	E5	5	519
51	51	305/4	305/4	0.25	5/16	5/16	3/8	2	1	1/16	1/16	1		2	74	D5	5	524
51	51	305/4	305/4	0.25	5/16	5/16	3/8	1	1	1/16	1/16	1		6	78	F#5	5	520
52	52	153/2	153/2	0.5	0	0	3/8	3	1	1/8	1/8	1		4	40	E2	2	536
52	52	153/2	153/2	0.25	0	0	3/8	2	1	1/16	1/16	1		5	71	B4	4	532
52	52	153/2	153/2	0.25	0	0	3/8	1	1	1/16	1/16	1		2	74	D5	5	528
52	52	307/4	307/4	0.25	1/16	1/16	3/8	2	1	1/16	1/16	1		7	73	C#5	5	533
52	52	307/4	307/4	0.25	1/16	1/16	3/8	1	1	1/16	1/16	1		4	76	E5	5	529
52	52	77	77	1.0	1/8	1/8	3/8	3	1	1/4	1/4	1		6	42	F#2	2	537
52	52	77	77	0.75	1/8	1/8	3/8	2	1	3/16	1/8	3/2		10	70	A#4	4	534
52	52	77	77	0.75	1/8	1/8	3/8	1	1	3/16	1/8	3/2		7	73	C#5	5	530
52	52	311/4	311/4	0.25	5/16	5/16	3/8	1	1	1/16	1/16	1		5	71	B4	4	531
52	52	311/4	311/4	0.25	5/16	5/16	3/8	2	1	1/16	1/16	1		5	71	B4	4	535
53	53	78	78	0.5	0	0	3/8	3	1	1/8	1/8	1		5	47	B2	2	544
53	53	78	78	0.5	0	0	3/8	1	1	1/8	1/8	1		5	71	B4	4	538
53	53	78	78	0.5	0	0	3/8	2	1	1/8	1/8	1		5	71	B4	4	541
53	53	157/2	157/2	0.25	1/8	1/8	3/8	3	1	1/16	1/16	1		6	54	F#3	3	545
53	53	157/2	157/2	0.5	1/8	1/8	3/8	2	1	1/8	1/8	1		3	69	A4	4	542
53	53	157/2	157/2	0.5	1/8	1/8	3/8	1	1	1/8	1/8	1		6	78	F#5	5	539
53	53	315/4	315/4	0.25	3/16	3/16	3/8	3	1	1/16	1/16	1		7	61	C#4	4	546
53	53	79	79	0.25	1/4	1/4	3/8	3	1	1/16	1/16	1		5	59	B3	3	547
53	53	79	79	0.5	1/4	1/4	3/8	2	1	1/8	1/8	1		8	68	G#4	4	543
53	53	79	79	0.5	1/4	1/4	3/8	1	1	1/8	1/8	1		11	77	E#5	5	540
53	53	317/4	317/4	0.25	5/16	5/16	3/8	3	1	1/16	1/16	1		7	61	C#4	4	548
54	54	159/2	159/2	0.125	0	0	3/8	3	1	1/32	1/32	1		3	57	A3	3	573
54	54	159/2	159/2	0.125	0	0	3/8	2	1	1/32	1/32	1		3	69	A4	4	561
54	54	159/2	159/2	0.125	0	0	3/8	1	1	1/32	1/32	1		6	78	F#5	5	549
54	54	637/8	637/8	0.125	1/32	1/32	3/8	3	1	1/32	1/32	1		7	61	C#4	4	574
54	54	637/8	637/8	0.125	1/32	1/32	3/8	2	1	1/32	1/32	1		6	66	F#4	4	562
54	54	637/8	637/8	0.125	1/32	1/32	3/8	1	1	1/32	1/32	1		7	73	C#5	5	550
54	54	319/4	319/4	0.125	1/16	1/16	3/8	3	1	1/32	1/32	1		3	57	A3	3	575
54	54	319/4	319/4	0.125	1/16	1/16	3/8	2	1	1/32	1/32	1		3	69	A4	4	563
54	54	319/4	319/4	0.125	1/16	1/16	3/8	1	1	1/32	1/32	1		6	78	F#5	5	551
54	54	639/8	639/8	0.125	3/32	3/32	3/8	3	1	1/32	1/32	1		7	61	C#4	4	576
54	54	639/8	639/8	0.125	3/32	3/32	3/8	2	1	1/32	1/32	1		6	66	F#4	4	564
54	54	639/8	639/8	0.125	3/32	3/32	3/8	1	1	1/32	1/32	1		7	73	C#5	5	552
54	54	80	80	0.125	1/8	1/8	3/8	3	1	1/32	1/32	1		3	57	A3	3	577
54	54	80	80	0.125	1/8	1/8	3/8	2	1	1/32	1/32	1		3	69	A4	4	565
54	54	80	80	0.125	1/8	1/8	3/8	1	1	1/32	1/32	1		6	78	F#5	5	553
54	54	641/8	641/8	0.125	5/32	5/32	3/8	3	1	1/32	1/32	1		7	61	C#4	4	578
54	54	641/8	641/8	0.125	5/32	5/32	3/8	2	1	1/32	1/32	1		6	66	F#4	4	566
54	54	641/8	641/8	0.125	5/32	5/32	3/8	1	1	1/32	1/32	1		7	73	C#5	5	554
54	54	321/4	321/4	0.125	3/16	3/16	3/8	3	1	1/32	1/32	1		3	57	A3	3	579
54	54	321/4	321/4	0.125	3/16	3/16	3/8	2	1	1/32	1/32	1		3	69	A4	4	567
54	54	321/4	321/4	0.125	3/16	3/16	3/8	1	1	1/32	1/32	1		6	78	F#5	5	555
54	54	643/8	643/8	0.125	7/32	7/32	3/8	3	1	1/32	1/32	1		7	61	C#4	4	580
54	54	643/8	643/8	0.125	7/32	7/32	3/8	2	1	1/32	1/32	1		6	66	F#4	4	568
54	54	643/8	643/8	0.125	7/32	7/32	3/8	1	1	1/32	1/32	1		7	73	C#5	5	556
54	54	161/2	161/2	0.125	1/4	1/4	3/8	3	1	1/32	1/32	1		8	56	G#3	3	581
54	54	161/2	161/2	0.125	1/4	1/4	3/8	2	1	1/32	1/32	1		5	71	B4	4	569
54	54	161/2	161/2	0.125	1/4	1/4	3/8	1	1	1/32	1/32	1		8	80	G#5	5	557
54	54	645/8	645/8	0.125	9/32	9/32	3/8	3	1	1/32	1/32	1		7	61	C#4	4	582
54	54	645/8	645/8	0.125	9/32	9/32	3/8	2	1	1/32	1/32	1		8	68	G#4	4	570
54	54	645/8	645/8	0.125	9/32	9/32	3/8	1	1	1/32	1/32	1		7	73	C#5	5	558
54	54	323/4	323/4	0.125	5/16	5/16	3/8	3	1	1/32	1/32	1		8	56	G#3	3	583
54	54	323/4	323/4	0.125	5/16	5/16	3/8	2	1	1/32	1/32	1		5	71	B4	4	571
54	54	323/4	323/4	0.125	5/16	5/16	3/8	1	1	1/32	1/32	1		8	80	G#5	5	559
54	54	647/8	647/8	0.125	11/32	11/32	3/8	3	1	1/32	1/32	1		7	61	C#4	4	584
54	54	647/8	647/8	0.125	11/32	11/32	3/8	2	1	1/32	1/32	1		8	68	G#4	4	572
54	54	647/8	647/8	0.125	11/32	11/32	3/8	1	1	1/32	1/32	1		7	73	C#5	5	560
55	55	81	81	0.25	0	0	3/8	3	1	1/16	1/16	1		6	54	F#3	3	593
55	55	81	81	0.75	0	0	3/8	2	1	3/16	1/8	3/2		7	73	C#5	5	589
55	55	81	81	0.75	0	0	3/8	1	1	3/16	1/8	3/2		3	81	A5	5	585
55	55	325/4	325/4	0.25	1/16	1/16	3/8	3	1	1/16	1/16	1		8	56	G#3	3	594
55	55	163/2	163/2	0.25	1/8	1/8	3/8	3	1	1/16	1/16	1		3	57	A3	3	595
55	55	327/4	327/4	0.25	3/16	3/16	3/8	3	1	1/16	1/16	1		11	53	E#3	3	596
55	55	327/4	327/4	0.25	3/16	3/16	3/8	2	1	1/16	1/16	1		5	71	B4	4	590
55	55	327/4	327/4	0.25	3/16	3/16	3/8	1	1	1/16	1/16	1		8	80	G#5	5	586
55	55	82	82	0.5	1/4	1/4	3/8	3	1	1/8	1/8	1		6	54	F#3	3	597
55	55	82	82	0.25	1/4	1/4	3/8	2	1	1/16	1/16	1		3	69	A4	4	591
55	55	82	82	0.25	1/4	1/4	3/8	1	1	1/16	1/16	1		6	78	F#5	5	587
55	55	329/4	329/4	0.25	5/16	5/16	3/8	2	1	1/16	1/16	1		8	68	G#4	4	592
55	55	329/4	329/4	0.25	5/16	5/16	3/8	1	1	1/16	1/16	1		11	77	E#5	5	588
56	56	165/2	165/2	0.5	0	0	3/8	3	1	1/8	1/8	1		5	47	B2	2	606
56	56	165/2	165/2	0.25	0	0	3/8	2	1	1/16	1/16	1		3	69	A4	4	602
56	56	165/2	165/2	0.25	0	0	3/8	1	1	1/16	1/16	1		6	78	F#5	5	598
56	56	331/4	331/4	0.25	1/16	1/16	3/8	2	1	1/16	1/16	1		5	71	B4	4	603
56	56	331/4	331/4	0.25	1/16	1/16	3/8	1	1	1/16	1/16	1		8	80	G#5	5	599
56	56	83	83	1.0	1/8	1/8	3/8	3	1	1/4	1/4	1		7	49	C#3	3	607
56	56	83	83	0.75	1/8	1/8	3/8	2	1	3/16	1/8	3/2		8	68	G#4	4	604
56	56	83	83	0.75	1/8	1/8	3/8	1	1	3/16	1/8	3/2		11	77	E#5	5	600
56	56	335/4	335/4	0.25	5/16	5/16	3/8	2	1	1/16	1/16	1		6	66	F#4	4	605
56	56	335/4	335/4	0.25	5/16	5/16	3/8	1	1	1/16	1/16	1		6	78	F#5	5	601
57	57	84	84	0.5	0	0	3/8	3	1	1/8	1/8	1		6	42	F#2	2	610
57	57	84	84	0.5	0	0	3/8	2	1	1/8	1/8	1		6	66	F#4	4	609
57	57	84	84	0.5	0	0	3/8	1	1	1/8	1/8	1		6	78	F#5	5	608
